buying_review_rating,is_pro,buying_review_rating_count,seller_name,pos,score,count,seller_level,seller_country,price_i,is_fiverr_choice,isPro
5,FALSE,101,web_chrome,0,4.993399,101,level_two_seller,BD,80,TRUE,
4.9,FALSE,35,leadsbridge,1,4.907986,480,top_rated_seller,BD,85,FALSE,
4.9,FALSE,319,shahzaib_cheema,2,4.943953,450,top_rated_seller,PK,100,FALSE,
4.9,FALSE,131,aleenkha,3,4.9083967,131,level_two_seller,PK,80,FALSE,
4,TRUE,4,rooloo,4,4.885714,119,top_rated_seller,IN,150,FALSE,
5,FALSE,820,ibrahimshah361,5,4.933544,905,top_rated_seller,PK,100,FALSE,
5,FALSE,361,gramup,6,4.9895425,441,top_rated_seller,PK,180,FALSE,
4.9,FALSE,461,link2adeel,7,4.9432497,662,level_two_seller,PK,20,FALSE,
4.9,FALSE,1539,noorahmed007,8,4.9300876,1686,top_rated_seller,PK,80,FALSE,
4.9,FALSE,16,rankharvest,9,4.908741,1430,top_rated_seller,US,300,FALSE,
4.7,FALSE,94,webflow_web_hub,10,4.6239314,165,level_two_seller,PK,100,FALSE,
4.9,FALSE,1301,ramiz_raza,11,4.894795,1536,top_rated_seller,IN,200,FALSE,
4.9,FALSE,1837,wix_guru,12,4.8734837,1866,top_rated_seller,PK,145,FALSE,
5,FALSE,35,web_spero,13,4.9313726,68,level_two_seller,BD,85,FALSE,
5,FALSE,76,tech_wide,14,4.963964,111,level_two_seller,BD,85,FALSE,
5,FALSE,111,godev_,15,4.961652,113,level_two_seller,BD,90,FALSE,
4.9,FALSE,154,wp_arju,16,4.81741,157,level_two_seller,BD,80,FALSE,
4.9,FALSE,251,pixleehub,17,4.9126983,252,level_two_seller,BD,90,FALSE,
5,FALSE,10,talha_dx,18,4.866667,35,level_one_seller,PK,80,FALSE,
4.9,FALSE,139,websquadron,19,4.9428573,140,level_two_seller,BD,120,FALSE,
4.9,FALSE,141,dotweb01,20,4.9479904,141,level_two_seller,BD,85,FALSE,
4.9,FALSE,391,hsnfarooq,21,4.8568625,405,level_two_seller,PK,15,FALSE,
5,FALSE,147,badar121,22,4.9930553,187,top_rated_seller,PK,80,FALSE,
4.9,FALSE,140,xpresseditor,23,4.917258,141,level_two_seller,BD,80,FALSE,
4.9,FALSE,35,noah_designer,24,4.8911567,639,level_two_seller,PK,200,FALSE,
5,FALSE,139,shopify_pos,25,4.961631,139,level_two_seller,BD,95,FALSE,
5,FALSE,34,rank_champ,26,5,34,level_two_seller,BD,150,FALSE,
5,FALSE,84,hashamzafar2231,27,4.97093,86,level_two_seller,PK,100,FALSE,
4.9,FALSE,217,businesswp,28,4.8517666,217,level_one_seller,PK,80,FALSE,
5,FALSE,13,rajpdheeraj,29,4.928571,14,level_one_seller,IN,50,FALSE,
5,FALSE,59,anchortech_,30,5,77,level_two_seller,BD,85,FALSE,
5,FALSE,38,wpweb_guru,31,5,38,level_two_seller,BD,85,FALSE,
4.9,FALSE,28,devsaffinity,32,4.928571,28,level_two_seller,PK,100,FALSE,
4.9,FALSE,196,aliahmed2u,33,4.9481792,238,level_two_seller,PK,80,FALSE,
5,FALSE,35,tech_wonder,34,5,35,level_two_seller,BD,80,FALSE,
4.9,FALSE,62,digixtudios,35,4.9423866,81,level_two_seller,PK,80,FALSE,
5,FALSE,36,digitals360s,36,4.962963,36,level_two_seller,PK,80,FALSE,
5,FALSE,56,dev_verse,37,5,56,level_two_seller,BD,85,FALSE,
4.8,FALSE,321,pandascout,38,4.838906,333,level_two_seller,BD,150,FALSE,
5,FALSE,33,nomanmalik200,39,4.804878,82,level_two_seller,PK,80,FALSE,
5,FALSE,16,web_experts24,40,5,16,level_one_seller,BD,85,FALSE,
4.7,FALSE,28,spark_tech03,41,4.7261906,28,level_two_seller,PK,100,FALSE,
5,FALSE,17,webbe_tech,42,5,17,level_one_seller,AE,350,FALSE,
5,FALSE,75,tech_reaper,43,4.9911113,75,level_two_seller,BD,85,FALSE,
4.8,FALSE,73,abdcorp,44,4.886447,234,level_two_seller,PK,80,FALSE,
5,FALSE,593,alimehdi242,45,4.992467,666,level_two_seller,PK,80,FALSE,
5,FALSE,5,adeyinkadavies,432,5,9,,US,30,FALSE,
5,FALSE,29,webcraftsmith,433,5,68,level_two_seller,GB,1600,FALSE,
5,FALSE,14,uiux_raiyan,434,4.952381,14,level_one_seller,BD,80,FALSE,
5,FALSE,15,tapasmandal,435,5,52,level_two_seller,BD,125,FALSE,
5,FALSE,4,carinarodgers,436,5,4,,US,10,FALSE,
5,TRUE,127,dereksiu,437,4.9868765,127,top_rated_seller,AU,380,FALSE,
4.9,TRUE,83,wix_buddy,438,4.8874893,418,level_two_seller,BD,295,FALSE,
5,FALSE,437,richardgomez007,439,4.962963,523,top_rated_seller,BD,150,FALSE,
5,FALSE,86,farhana_hasan,440,4.977778,103,level_two_seller,BD,80,FALSE,
5,FALSE,2,perc_franklin,441,5,2,,US,10,FALSE,
5,FALSE,2,sebasab,442,5,2,,AR,130,FALSE,
4.9,FALSE,12,artzoned,443,4.888889,38,level_two_seller,TN,200,FALSE,
5,FALSE,1,robindkumar,444,5,2,,IN,100,FALSE,
4.9,FALSE,36,sunnykhan996,445,4.9239483,570,top_rated_seller,PK,80,FALSE,
5,TRUE,22,tanasiychuk8,446,4.970266,443,top_rated_seller,ES,355,FALSE,
4.8,FALSE,82,mujeeb_design,447,4.8317757,107,level_one_seller,PK,35,FALSE,
4.9,FALSE,34,wordpress_ceo,448,4.9534883,86,level_two_seller,PK,150,FALSE,
5,FALSE,89,fawad_ramzan,449,4.974396,690,top_rated_seller,PK,175,FALSE,
5,FALSE,17,numanbasher,450,4.9555554,127,level_two_seller,PK,80,FALSE,
5,FALSE,328,m_faran,451,4.990167,362,level_two_seller,PK,80,FALSE,
4.9,FALSE,59,arqambashir,452,4.8985505,345,top_rated_seller,PK,70,FALSE,
4.6,TRUE,14,pankaj711,453,4.884696,281,level_two_seller,IN,495,FALSE,
4.8,FALSE,32,eagle_web,454,4.84375,32,level_one_seller,PK,15,FALSE,
5,FALSE,6,anastasiiazin,455,5,6,level_one_seller,UA,80,FALSE,
5,FALSE,159,haider_21,456,4.907173,311,level_two_seller,PK,90,FALSE,
5,FALSE,8,samrana,457,4.866667,109,level_two_seller,PK,100,FALSE,
4.9,FALSE,34,liklee,458,4.948718,39,level_two_seller,DE,30,FALSE,
4.3,FALSE,3,hokuodesign,459,4.6666665,6,level_one_seller,JP,250,FALSE,
5,FALSE,3,valunex,460,5,3,level_one_seller,AT,395,FALSE,
4.6,FALSE,27,expertdrey88,461,4.6833334,30,level_one_seller,NG,30,FALSE,
5,FALSE,1,sajeeb05,462,4.888889,213,level_two_seller,BD,85,FALSE,
5,FALSE,282,wp_babarali,463,4.9579577,473,top_rated_seller,PK,65,FALSE,
5,FALSE,790,websxpertz,464,4.99687,1124,level_two_seller,PK,95,FALSE,
4.9,FALSE,138,creative_hands7,465,4.9483566,154,level_two_seller,PK,80,FALSE,
5,FALSE,40,masudpro,466,4.9436274,172,level_two_seller,BD,100,FALSE,
5,FALSE,7,rimswebdev,467,5,9,level_one_seller,PK,120,FALSE,
5,FALSE,60,dyacinedev,468,4.9512672,171,top_rated_seller,DZ,170,FALSE,
3.9,FALSE,4,jmach05,469,4.133333,6,,GB,400,FALSE,
5,FALSE,23,prestige9628,470,4.9166665,24,level_one_seller,NG,45,FALSE,
5,FALSE,21,market_expert43,471,5,21,level_one_seller,PK,195,FALSE,
5,FALSE,37,kamlesh55,472,4.9166665,62,level_two_seller,IN,150,FALSE,
4.9,FALSE,110,muzaffar_wp,473,4.9124002,959,level_two_seller,PK,90,FALSE,
5,FALSE,9,nomanabbasi12,474,4.887097,63,level_two_seller,PK,100,FALSE,
4.8,TRUE,52,shahab01,475,4.926966,544,top_rated_seller,PK,225,FALSE,
4.9,FALSE,1460,wordpress_play,476,4.883817,1499,level_two_seller,PK,500,FALSE,
4.8,FALSE,13,seo_likhon,477,4.857143,14,level_one_seller,BD,90,FALSE,
4.8,FALSE,22,fb_fatima,478,4.8089433,246,level_two_seller,PK,80,FALSE,
5,FALSE,215,creativecolumn,479,4.921941,562,top_rated_seller,LK,45,FALSE,
5,,417,mr_moaz,624,5,337,LEVEL_TWO,PK,10,FALSE,FALSE
5,,264,danish_mirza,625,5,196,LEVEL_TWO,PK,20,FALSE,FALSE
4.9,,440,husnaintariq097,626,4.9,301,LEVEL_TWO,PK,30,FALSE,FALSE
4.9,,18342,aaliyaan,627,4.9,13670,LEVEL_TWO,PK,20,FALSE,FALSE
5,,8,arfa_anjum,628,5,7,NO_LEVEL,PK,30,FALSE,FALSE
5,,547,ruchihd,629,5,454,LEVEL_TRS,LK,50,FALSE,FALSE
5,,183,mariazara5088,630,5,166,LEVEL_TWO,PK,60,FALSE,FALSE
4.9,,712,ffawad,631,4.9,437,LEVEL_TRS,PK,55,FALSE,FALSE
4.9,,92,shazad_creative,632,4.9,87,LEVEL_TWO,PK,25,FALSE,FALSE
4.9,,144,naymur143,633,4.9,107,LEVEL_TWO,BD,20,FALSE,FALSE
4.8,,84,ahmd_webdesigns,634,4.8,54,LEVEL_TWO,PK,50,FALSE,FALSE
4.9,,936,xpertex9,635,4.9,667,LEVEL_TWO,PK,15,FALSE,FALSE
5,,494,pantheondev,636,5,398,LEVEL_TWO,US,75,FALSE,FALSE
5,,96,web_promise,637,5,85,LEVEL_TWO,BD,15,FALSE,FALSE
5,,71,mujtaba_5050,638,5,50,LEVEL_TWO,PK,25,FALSE,FALSE
4.7,,144,techtitanstudio,639,4.7,103,LEVEL_TWO,US,60,FALSE,FALSE
5,,282,abdulhaseeb615,640,5,248,LEVEL_TWO,PK,50,FALSE,FALSE
5,,1114,wordpressdev518,641,5,805,LEVEL_TWO,PK,10,FALSE,FALSE
5,,378,fawad_ramzan,642,5,358,LEVEL_TRS,PK,75,FALSE,FALSE
4.9,,1051,aizaz2535,643,4.9,617,LEVEL_TRS,PK,50,FALSE,FALSE
5,,197,dereksiu,644,5,127,LEVEL_TRS,AU,70,FALSE,TRUE
4.9,,286,wptech0,645,4.9,197,LEVEL_TWO,BD,80,FALSE,FALSE
5,,331,shoaib_sohail,646,5,244,LEVEL_TWO,PK,10,FALSE,FALSE
4.9,,133,wpdirector,647,4.9,110,LEVEL_TWO,BD,50,FALSE,FALSE
4.9,,20,rcernica,648,4.9,14,LEVEL_TWO,RO,10,FALSE,FALSE
4.9,,256,afroozalam5,649,4.9,224,LEVEL_TWO,PK,20,FALSE,FALSE
5,,372,mizanoorr,650,5,273,LEVEL_TWO,BD,20,FALSE,FALSE
5,,918,wahajmansoor,651,5,656,LEVEL_TWO,PK,45,FALSE,FALSE
4.9,,171,marnica,652,4.9,103,LEVEL_TWO,GB,115,FALSE,FALSE
4.9,,526,ajayceo1985,653,4.9,243,LEVEL_TRS,IN,280,FALSE,FALSE
5,,545,gramup,654,5,434,LEVEL_TRS,PK,90,FALSE,FALSE
5,,990,sjbkhan,655,5,723,LEVEL_TWO,BD,30,FALSE,FALSE
5,,172,md_zarak_khan,656,5,128,LEVEL_TWO,PK,20,FALSE,TRUE
4.9,,600,khalilurrehman1,657,4.9,442,LEVEL_TWO,PK,10,FALSE,FALSE
4.9,,90,zamangull,658,4.9,78,LEVEL_TWO,PK,60,FALSE,FALSE
4.9,,94,developerfuad1,659,4.9,85,LEVEL_TWO,BD,40,FALSE,FALSE
4.9,,138,dev_younus465,660,4.9,115,LEVEL_TWO,BD,15,FALSE,FALSE
4.8,,56,modifiertech,661,4.8,42,LEVEL_TWO,PK,80,FALSE,FALSE
4.9,,1257,muhammadumaid,662,4.9,1001,LEVEL_TWO,PK,15,FALSE,FALSE
4.9,,2222,jamedeveloper,663,4.9,1337,LEVEL_TWO,GB,25,FALSE,FALSE
5,,356,zohaibafzall,664,5,275,LEVEL_TWO,PK,20,FALSE,FALSE
4.9,,2340,moiz54,665,4.9,1721,LEVEL_TRS,PK,130,FALSE,FALSE
5,,234,mian_asif_fahim,666,5,211,LEVEL_TWO,PK,10,FALSE,FALSE
5,,83,danishkhan1995,667,5,79,LEVEL_TWO,PK,130,FALSE,FALSE
5,,615,smtaqimz,668,5,466,LEVEL_TWO,PK,20,FALSE,FALSE
5,,22,eladnan,669,5,19,LEVEL_TWO,MA,45,FALSE,FALSE
4.8,,646,pandascout,670,4.8,333,LEVEL_TWO,BD,85,FALSE,FALSE
4.9,,423,fxruhanahmed,671,4.9,331,LEVEL_TWO,BD,20,FALSE,FALSE
5,,71,mujtaba_5050,672,5,50,LEVEL_TWO,PK,25,FALSE,FALSE
5,,820,fatimakniazi,673,5,523,LEVEL_TRS,PK,90,FALSE,FALSE
4.9,,144,naymur143,674,4.9,107,LEVEL_TWO,BD,20,FALSE,FALSE
4.9,,108,wordpress_kaniz,675,4.9,100,LEVEL_TWO,BD,25,FALSE,FALSE
4.9,,1149,bilaalshah,676,4.9,814,LEVEL_TRS,PK,50,FALSE,FALSE
4.9,,286,wptech0,677,4.9,197,LEVEL_TWO,BD,80,FALSE,FALSE
5,,331,shoaib_sohail,678,5,244,LEVEL_TWO,PK,10,FALSE,FALSE
5,,197,dereksiu,679,5,127,LEVEL_TRS,AU,70,FALSE,TRUE
5,,36,hamzagraphics,680,5,25,LEVEL_TRS,PK,115,FALSE,FALSE
5,,25,waseem55,681,5,18,LEVEL_TWO,PK,45,FALSE,FALSE
5,,1114,wordpressdev518,682,5,805,LEVEL_TWO,PK,10,FALSE,FALSE
5,,640,procommerce,683,5,530,LEVEL_TRS,PK,100,FALSE,TRUE
4.9,,1755,ahmad_mujtaba,684,4.9,1336,LEVEL_TRS,PK,60,FALSE,FALSE
5,,1311,wordpressi,685,5,938,LEVEL_TRS,PK,50,FALSE,FALSE
5,,46,shabu121097,686,5,23,LEVEL_TWO,IN,5,FALSE,FALSE
5,,372,mizanoorr,687,5,273,LEVEL_TWO,BD,20,FALSE,FALSE
4.9,,526,ajayceo1985,688,4.9,243,LEVEL_TRS,IN,280,FALSE,FALSE
4.9,,193,ammara_1996,689,4.9,154,LEVEL_TWO,PK,35,FALSE,FALSE
4.8,,294,wp_winner,690,4.8,191,LEVEL_TWO,BD,75,FALSE,FALSE
5,,67,mdkalam456,691,5,61,LEVEL_TWO,BD,50,FALSE,FALSE
5,,356,zohaibafzall,692,5,275,LEVEL_TWO,PK,20,FALSE,FALSE
5,,71,ajesh05,693,5,66,LEVEL_TWO,IN,20,FALSE,FALSE
5,,84,oliynykdm,694,5,57,LEVEL_TWO,UA,50,FALSE,TRUE
4.9,,105,davidols,695,4.9,74,LEVEL_TRS,US,1295,FALSE,TRUE
4.9,,108,hamza_230,696,4.9,88,LEVEL_TWO,PK,80,FALSE,FALSE
5,,366,yasirz3325,697,5,289,LEVEL_TRS,PK,30,FALSE,FALSE
5,,234,mian_asif_fahim,698,5,211,LEVEL_TWO,PK,10,FALSE,FALSE
5,,65,themico,699,5,49,LEVEL_TWO,BY,25,FALSE,FALSE
4.7,,111,sonia_s0hail,700,4.7,88,LEVEL_TWO,PK,10,FALSE,FALSE
5,,1260,amirkhan1996,701,5,809,LEVEL_TRS,PK,50,FALSE,FALSE
4.9,,2222,jamedeveloper,702,4.9,1337,LEVEL_TWO,GB,25,FALSE,FALSE
5,,262,sandra_wiliamz,703,5,195,LEVEL_TWO,IN,80,FALSE,FALSE
4.9,,133,sufidigitals,704,4.9,106,LEVEL_TWO,PK,10,FALSE,FALSE
4.9,,751,salmanweb89,705,4.9,392,LEVEL_TWO,PK,5,FALSE,FALSE
4.9,,423,fxruhanahmed,706,4.9,331,LEVEL_TWO,BD,20,FALSE,FALSE
4.9,,2340,moiz54,707,4.9,1721,LEVEL_TRS,PK,130,FALSE,FALSE
5,,100,creator_arafat,708,5,86,LEVEL_TWO,BD,30,FALSE,FALSE
4.9,,286,hasnain165,709,4.9,160,LEVEL_TWO,PK,25,FALSE,FALSE
5,,1208,rafidev,710,5,973,LEVEL_TWO,BD,20,FALSE,FALSE
4.9,,66,es_aldo,711,4.9,54,LEVEL_TWO,GR,15,FALSE,FALSE
4.8,,783,faizanq,712,4.8,639,LEVEL_TRS,PK,30,FALSE,FALSE
5,,168,sy_shahadot,713,5,123,LEVEL_TWO,BD,90,FALSE,FALSE
5,,349,monirwcoder,714,5,290,LEVEL_TWO,BD,60,FALSE,FALSE
5,,478,sajjadzia,715,5,344,LEVEL_TWO,PK,30,FALSE,FALSE
5,,800,umair_aly28,716,5,590,LEVEL_TWO,PK,20,FALSE,FALSE
5,,2021,studio_dev,717,5,1607,LEVEL_TWO,IN,5,FALSE,FALSE
5,,6,rajkal,718,5,4,LEVEL_TWO,IN,125,FALSE,FALSE
5,,304,prosen_224,719,5,269,LEVEL_TWO,BD,20,FALSE,FALSE
4.9,,142,rh_rakibul,720,4.9,130,LEVEL_TWO,BD,15,FALSE,FALSE
4.9,,152,aarrohan,721,4.9,115,LEVEL_TRS,BD,25,FALSE,FALSE
5,,31,medipixel,722,5,30,LEVEL_TWO,PK,80,FALSE,FALSE
5,,1510,sohelbd56,723,5,1193,LEVEL_TWO,BD,15,FALSE,FALSE
5,,3,app_cake,724,5,2,LEVEL_TRS,BD,250,FALSE,FALSE
5,,539,codemetrix,725,5,429,LEVEL_TWO,PK,30,FALSE,FALSE
4.5,,84,limon45387,726,4.5,54,LEVEL_TWO,BD,20,FALSE,FALSE
4.9,,1083,anupforshopify,727,4.9,796,LEVEL_TWO,IN,100,FALSE,FALSE
5,,266,developershamil,728,5,216,LEVEL_TWO,BD,20,FALSE,FALSE
4.9,,99,ashley_smith909,729,4.9,69,LEVEL_TWO,PK,80,FALSE,FALSE
4.9,,314,mian_soft007,730,4.9,265,LEVEL_TWO,PK,30,FALSE,FALSE
4.9,,234,asif4548,731,4.9,132,LEVEL_TWO,PK,20,FALSE,FALSE
5,,153,coderboy77,732,5,120,LEVEL_TWO,BD,30,FALSE,FALSE
4.8,,463,shopifyqueen77,733,4.8,324,LEVEL_TWO,PK,20,FALSE,FALSE
5,,1238,boomlandjenkins,734,5,788,LEVEL_TRS,US,35,FALSE,TRUE
5,,14,iamjacksparrow,735,5,7,LEVEL_TWO,PK,25,FALSE,FALSE
4.9,,1265,aliyaruman,736,4.9,797,LEVEL_TWO,AU,35,FALSE,FALSE
4.9,,327,aidenmax,737,4.9,234,LEVEL_TWO,BD,25,FALSE,FALSE
4.9,,148,dev_sohel,738,4.9,135,LEVEL_TWO,BD,15,FALSE,FALSE
5,,358,bicoder_shopify,739,5,222,LEVEL_TWO,IN,30,FALSE,FALSE
4.8,,60,websolution5,740,4.8,46,LEVEL_TWO,PK,60,FALSE,FALSE
4.9,,159,sham383,741,4.9,113,LEVEL_TWO,PK,10,FALSE,FALSE
5,,4256,zeeshanx,742,5,3026,LEVEL_TRS,PK,35,FALSE,FALSE
5,,398,xpertfaisal,743,5,336,LEVEL_TWO,PK,20,FALSE,FALSE
4.9,,112,hassanjaved001,744,4.9,68,LEVEL_TWO,PK,30,FALSE,FALSE
5,,78,shorov1999,745,5,51,LEVEL_TWO,BD,35,FALSE,FALSE
5,,47,faizan_rajputt,746,5,46,LEVEL_TWO,PK,35,FALSE,FALSE
5,,70,jassimnaeem,747,5,48,LEVEL_TWO,PK,20,FALSE,FALSE
4.8,,245,snipper1212,748,4.8,211,LEVEL_TWO,IN,65,FALSE,FALSE
4.8,,46,haseebrehman155,749,4.8,28,LEVEL_TWO,PK,60,FALSE,FALSE
4.9,,833,george_nik,750,4.9,645,LEVEL_TRS,BG,1310,FALSE,TRUE
5,,135,sairaiqbal919,751,5,76,LEVEL_TWO,PK,100,FALSE,FALSE
4.9,,86,nabeel_ahmed370,752,4.9,69,LEVEL_TWO,PK,10,FALSE,FALSE
5,,129,amitjaryal0302,753,5,105,LEVEL_TWO,IN,5,FALSE,FALSE
4.9,,200,shezarajput81,754,4.9,137,LEVEL_TWO,PK,20,FALSE,FALSE
5,,298,wyarej,755,5,193,LEVEL_TWO,BD,10,FALSE,FALSE
4.9,,166,designbyexpert,756,4.9,133,LEVEL_TWO,PK,20,FALSE,FALSE
4.9,,497,usofti,757,4.9,391,LEVEL_TWO,PK,15,FALSE,FALSE
4.9,,187,inderservices,758,4.9,149,LEVEL_TWO,IN,50,FALSE,FALSE
5,,174,abdullahbutt84,759,5,130,LEVEL_TWO,PK,55,FALSE,FALSE
5,,377,ahmadsaeed68,760,5,279,LEVEL_TRS,PK,30,FALSE,TRUE
4.9,,1198,tehzeebkazmi,761,4.9,802,LEVEL_TWO,PK,55,FALSE,FALSE
5,,344,bytegrams,762,5,258,LEVEL_TRS,LK,15,FALSE,FALSE
5,,179,freelancerasma,763,5,116,LEVEL_TWO,BD,30,FALSE,FALSE
4.9,,29,salmangfx124,764,4.9,25,LEVEL_TWO,PK,5,FALSE,FALSE
4.9,,109,adnan_samii,765,4.9,81,LEVEL_TWO,PK,30,FALSE,FALSE
5,,22,nasirali321,766,5,19,LEVEL_TWO,PK,55,FALSE,FALSE
4.7,,35,rabi_developer,767,4.7,24,LEVEL_TWO,PK,55,FALSE,FALSE
4.9,FALSE,31,arslan_hameed13,768,4.8974357,47,level_two_seller,PK,80,FALSE,
5,FALSE,2,rohit_sofia,769,5,3,,IN,80,FALSE,
5,FALSE,117,ahsanali5252,770,4.960606,120,level_two_seller,PK,80,FALSE,
4.6,FALSE,25,code_chief,771,4.633333,114,level_two_seller,BD,100,FALSE,
5,FALSE,21,ismail_muhammad,772,4.979021,342,top_rated_seller,PK,100,FALSE,
4.8,FALSE,22,sarahecom00,773,4.8489585,277,level_two_seller,PK,80,FALSE,
4.9,FALSE,79,talishkhan2020,774,4.945513,104,level_two_seller,IN,80,FALSE,
5,FALSE,5,abdhaisam,775,5,5,,PK,60,FALSE,
5,FALSE,18,web_solution_ex,776,4.9722223,24,level_two_seller,PK,60,FALSE,
5,TRUE,152,besoh93,777,4.9911113,163,top_rated_seller,AL,400,FALSE,
5,FALSE,78,maqadasmanzoor9,778,4.8632874,441,level_two_seller,PK,85,FALSE,
5,FALSE,1,samashaykh,779,4.9308176,53,level_two_seller,PK,250,FALSE,
5,FALSE,175,ashb1012,780,4.995338,378,top_rated_seller,IN,80,FALSE,
5,FALSE,33,imran_ali96,781,4.9454546,55,level_one_seller,BD,90,FALSE,
5,FALSE,30,skyward,782,4.9708114,1051,level_two_seller,IN,150,FALSE,
4.9,FALSE,8,remygot,783,4.939394,11,level_one_seller,FR,305,FALSE,
4.9,FALSE,15,mohidnaeem41,784,4.9411764,17,level_one_seller,PK,40,FALSE,
4.9,FALSE,9,wp_shahdat,785,4.9333334,10,level_one_seller,BD,80,FALSE,
4.9,FALSE,107,fiza2020,786,4.9492755,121,level_two_seller,PK,50,FALSE,
5,FALSE,15,saqib_rehman,787,4.781609,29,level_two_seller,PK,50,FALSE,
4.9,FALSE,45,coder_tolga,788,4.8072915,65,level_two_seller,TR,80,FALSE,
5,FALSE,44,servicestore85,789,4.970149,67,level_two_seller,BD,35,FALSE,
5,FALSE,16,mosen_dev55,790,4.9814816,18,level_one_seller,PK,80,FALSE,
5,FALSE,41,proresumecoach,791,4.894737,95,level_two_seller,US,95,FALSE,
4.7,FALSE,81,hamzay_08,792,4.8544602,399,level_two_seller,PK,85,FALSE,
4.9,FALSE,174,malikyusuf1926,793,4.9501,226,level_two_seller,PK,100,FALSE,
4.9,FALSE,91,saqibishaq,794,4.910653,110,level_two_seller,PK,100,FALSE,
5,FALSE,21,victor_ydc,795,4.9805555,120,level_two_seller,UA,300,FALSE,
4.9,FALSE,45,ahmed3215,796,4.941799,64,level_two_seller,PK,80,FALSE,
5,FALSE,12,sajidullah789,797,4.9326925,115,level_two_seller,PK,80,FALSE,
4.8,FALSE,8,jameshaaland,798,4.8194447,24,level_one_seller,NG,300,FALSE,
5,FALSE,2,uzairansari995,799,5,12,level_one_seller,PK,15,FALSE,
5,FALSE,9,shaikh210,800,4.979592,50,level_one_seller,BD,125,FALSE,
5,FALSE,83,geniusgenius01,801,4.9773965,5369,top_rated_seller,AL,995,FALSE,
5,FALSE,21,faisal2723,802,4.9722223,24,level_one_seller,PK,100,FALSE,
5,FALSE,2,shoaib_r90j,803,4.9903383,69,level_two_seller,PK,80,FALSE,
5,FALSE,18,omarfaruque7025,804,4.854701,76,level_two_seller,BD,80,FALSE,
5,FALSE,105,naumanmilo,805,4.970464,145,level_two_seller,PK,350,FALSE,
4.9,FALSE,66,nadeemaslam0129,806,4.9588475,81,level_one_seller,PK,80,FALSE,
4.4,TRUE,23,halolabdesign,807,4.417778,100,level_one_seller,PK,150,FALSE,
4.9,FALSE,13,amazon_exprt30,808,4.920398,74,level_two_seller,PK,80,FALSE,
4.9,FALSE,15,bakhtbaidar7,809,4.885714,70,level_two_seller,PK,95,FALSE,
4.7,FALSE,48,naveedrahat,810,4.8739314,156,level_two_seller,PK,80,FALSE,
4.9,FALSE,55,sarafatulrabby,811,4.944193,240,level_two_seller,BD,80,FALSE,
5,FALSE,5,zeeuiuxdesign,812,5,19,level_two_seller,PK,40,FALSE,
5,FALSE,2,maria_halvi,813,4.967742,31,level_one_seller,PK,100,FALSE,
5,FALSE,24,aidych,814,4.9692173,1537,top_rated_seller,PK,170,FALSE,
4.6,FALSE,151,aleem_iqbal,815,4.9407406,1044,level_two_seller,PK,100,FALSE,
4.9,,86,nabeel_ahmed370,816,4.9,69,LEVEL_TWO,PK,10,FALSE,FALSE
5,,547,sufrisuf,817,5,341,LEVEL_TRS,MY,250,FALSE,TRUE
5,,84,oliynykdm,818,5,57,LEVEL_TWO,UA,50,FALSE,TRUE
4.9,,219,ferozarshad,819,4.9,152,LEVEL_TWO,PK,20,FALSE,FALSE
5,,157,martindejonge_,820,5,137,LEVEL_TWO,ZA,50,FALSE,FALSE
5,,298,wyarej,821,5,193,LEVEL_TWO,BD,10,FALSE,FALSE
5,,1249,declanmaltman,822,5,900,LEVEL_TRS,GB,1295,FALSE,TRUE
4.8,,374,creative_limon1,823,4.8,310,LEVEL_TWO,BD,30,FALSE,FALSE
5,,24,abuzerfirdousi,824,5,15,LEVEL_TWO,PK,10,FALSE,FALSE
4.8,,153,itx_alee,825,4.8,132,LEVEL_TWO,PK,20,FALSE,FALSE
5,,2518,haseeb_coder,826,5,1590,LEVEL_TRS,PK,35,FALSE,FALSE
4.9,,585,aniljangir159,827,4.9,368,LEVEL_TRS,IN,100,FALSE,FALSE
5,,179,freelancerasma,828,5,116,LEVEL_TWO,BD,30,FALSE,FALSE
5,,35,mustafiz_shaik,829,5,30,LEVEL_TWO,BD,20,FALSE,FALSE
5,,292,yasirahmas,830,5,196,LEVEL_TWO,PK,30,FALSE,FALSE
4.9,,122,pro_webdesiner,831,4.9,83,LEVEL_TWO,PK,100,FALSE,FALSE
4.9,,153,jahidulwd,832,4.9,85,LEVEL_TWO,BD,30,FALSE,FALSE
4.9,,321,jabedbhuiyan,833,4.9,223,LEVEL_TWO,BD,30,FALSE,FALSE
4.9,,7,ibtisamarif,834,4.9,7,LEVEL_TWO,PK,60,FALSE,FALSE
4.9,,1043,herosolutions,835,4.9,649,LEVEL_TRS,PK,135,FALSE,FALSE
5,,467,tahir_jr,836,5,364,LEVEL_TWO,PK,15,FALSE,FALSE
4.9,,46,qasimyasin0013,837,4.9,42,LEVEL_TWO,PK,10,FALSE,FALSE
5,,406,shohan_hossain,838,5,304,LEVEL_TWO,BD,30,FALSE,FALSE
4.9,,1096,tanveer__ahmed,839,4.9,850,LEVEL_ONE,PK,100,FALSE,FALSE
4.9,,230,xpresseditor,840,4.9,141,LEVEL_TWO,BD,80,FALSE,FALSE
4.8,,19,mosharrof_rimon,841,4.8,17,LEVEL_TWO,BD,50,FALSE,FALSE
5,,1311,wordpressi,842,5,938,LEVEL_TRS,PK,50,FALSE,FALSE
5,,416,computrenginear,843,5,269,LEVEL_TRS,PK,30,FALSE,FALSE
5,,366,yasirz3325,844,5,289,LEVEL_TRS,PK,30,FALSE,FALSE
5,,90,ingaland,845,5,64,LEVEL_TRS,GB,500,FALSE,TRUE
5,,507,rajibbarua_exp,846,5,414,LEVEL_TWO,BD,10,FALSE,FALSE
5,,5,creativework007,847,5,3,LEVEL_TRS,BD,150,FALSE,FALSE
4.9,,142,rh_rakibul,848,4.9,130,LEVEL_TWO,BD,15,FALSE,FALSE
5,,357,asadalitahir1,849,5,249,LEVEL_TWO,PK,30,FALSE,FALSE
4.7,,429,shopify_zahin,850,4.7,277,LEVEL_TWO,BD,30,FALSE,FALSE
4.9,,133,sufidigitals,851,4.9,106,LEVEL_TWO,PK,10,FALSE,FALSE
5,,56,rank_champ,852,5,34,LEVEL_TWO,BD,55,FALSE,FALSE
5,,918,wahajmansoor,853,5,656,LEVEL_TWO,PK,45,FALSE,FALSE
5,,91,shahrukapp,854,5,66,LEVEL_TWO,BD,130,FALSE,FALSE
5,,820,fatimakniazi,855,5,523,LEVEL_TRS,PK,90,FALSE,FALSE
5,,1811,cookieszxc,856,5,1109,LEVEL_TRS,PH,25,FALSE,FALSE
5,,109,katemag,857,5,87,LEVEL_TWO,PK,10,FALSE,FALSE
5,,30,itsakash2k,858,5,22,LEVEL_ONE,BD,25,FALSE,FALSE
5,,565,hi2syed,859,5,331,LEVEL_TWO,PK,10,FALSE,FALSE
4.8,,876,developer480,860,4.8,678,LEVEL_TWO,BD,85,FALSE,FALSE
5,,262,sandra_wiliamz,861,5,195,LEVEL_TWO,IN,80,FALSE,FALSE
5,,209,the_span_tech,862,5,194,LEVEL_TWO,PK,50,FALSE,FALSE
4.9,,210,girdharidev,863,4.9,109,LEVEL_TWO,IN,35,FALSE,FALSE
5,,76,websoftin,864,5,73,LEVEL_TWO,PK,30,FALSE,FALSE
5,,90,ingaland,865,5,64,LEVEL_TRS,GB,500,FALSE,TRUE
5,,78,shorov1999,866,5,51,LEVEL_TWO,BD,35,FALSE,FALSE
4.9,,65,qamar_turner,867,4.9,56,LEVEL_TWO,PK,40,FALSE,FALSE
4.9,,329,trenddev,868,4.9,211,LEVEL_TWO,PK,50,FALSE,FALSE
4.9,,497,usofti,869,4.9,391,LEVEL_TWO,PK,15,FALSE,FALSE
4.8,,175,sarfaraz_dev,870,4.8,113,LEVEL_TWO,PK,40,FALSE,FALSE
5,,189,webguru888,871,5,156,LEVEL_TRS,PK,10,FALSE,FALSE
5,,4889,mijanulkarim,872,5,3760,LEVEL_TRS,GB,20,FALSE,FALSE
4.9,,146,nazishmughal258,873,4.9,126,LEVEL_TWO,PK,10,FALSE,FALSE
5,,24,abuzerfirdousi,874,5,15,LEVEL_TWO,PK,10,FALSE,FALSE
4.9,,122,pro_webdesiner,875,4.9,83,LEVEL_TWO,PK,100,FALSE,FALSE
4.8,,876,developer480,876,4.8,678,LEVEL_TWO,BD,85,FALSE,FALSE
4.8,,374,creative_limon1,877,4.8,310,LEVEL_TWO,BD,30,FALSE,FALSE
5,,7111,zainsaeed100,878,5,3796,LEVEL_TWO,PK,20,FALSE,FALSE
4.8,,19,mosharrof_rimon,879,4.8,17,LEVEL_TWO,BD,50,FALSE,FALSE
5,,109,katemag,880,5,87,LEVEL_TWO,PK,10,FALSE,FALSE
4.9,,166,designbyexpert,881,4.9,133,LEVEL_TWO,PK,20,FALSE,FALSE
5,,134,roger_roys,882,5,103,LEVEL_TWO,LK,50,FALSE,FALSE
5,,114,ehasan28,883,5,95,LEVEL_TWO,BD,30,FALSE,FALSE
5,,342,noviitsource,884,5,284,LEVEL_TWO,ID,50,FALSE,FALSE
5,,565,sanacme,885,5,444,LEVEL_TWO,IN,60,FALSE,FALSE
5,,79,stenrdj,886,5,53,LEVEL_TWO,MA,50,FALSE,FALSE
5,,565,hi2syed,887,5,331,LEVEL_TWO,PK,10,FALSE,FALSE
4.9,,327,aidenmax,888,4.9,234,LEVEL_TWO,BD,25,FALSE,FALSE
5,,69,naghmehgh,889,5,64,LEVEL_TWO,GB,20,FALSE,FALSE
5,,157,martindejonge_,890,5,137,LEVEL_TWO,ZA,50,FALSE,FALSE
5,,1238,boomlandjenkins,891,5,788,LEVEL_TRS,US,35,FALSE,TRUE
4.1,,79,moderncreator01,892,4.1,50,LEVEL_TWO,PK,35,FALSE,FALSE
4.8,,309,arooj_mir,893,4.8,186,LEVEL_TWO,PK,40,FALSE,FALSE
4.9,,325,brandingbug,894,4.9,195,LEVEL_TWO,PK,20,FALSE,FALSE
5,,467,tahir_jr,895,5,364,LEVEL_TWO,PK,15,FALSE,FALSE
5,,406,shohan_hossain,896,5,304,LEVEL_TWO,BD,30,FALSE,FALSE
5,,56,rank_champ,897,5,34,LEVEL_TWO,BD,55,FALSE,FALSE
4.9,,1096,tanveer__ahmed,898,4.9,850,LEVEL_ONE,PK,100,FALSE,FALSE
5,,357,asadalitahir1,899,5,249,LEVEL_TWO,PK,30,FALSE,FALSE
5,,582,anmol_kumar1,900,5,386,LEVEL_TWO,IN,20,FALSE,FALSE
5,,171,gracie_ivy,901,5,139,LEVEL_TWO,NG,10,FALSE,FALSE
5,,91,shahrukapp,902,5,66,LEVEL_TWO,BD,130,FALSE,FALSE
4.9,,145,rahima_akther1,903,4.9,130,LEVEL_TWO,IT,5,FALSE,FALSE
5,,2518,haseeb_coder,904,5,1590,LEVEL_TRS,PK,35,FALSE,FALSE
4.9,,448,israrkhan44,905,4.9,340,LEVEL_TWO,PK,85,FALSE,FALSE
5,,649,arbazazam1,906,5,524,LEVEL_TWO,PK,10,FALSE,FALSE
4.9,,109,adnan_samii,907,4.9,81,LEVEL_TWO,PK,30,FALSE,FALSE
4.7,,429,shopify_zahin,908,4.7,277,LEVEL_TWO,BD,30,FALSE,FALSE
5,,174,abdullahbutt84,909,5,130,LEVEL_TWO,PK,55,FALSE,FALSE
4.9,,448,whatpress,910,4.9,316,LEVEL_TRS,PK,50,FALSE,FALSE
4.9,,1043,herosolutions,911,4.9,649,LEVEL_TRS,PK,135,FALSE,FALSE
5,FALSE,11,open_soft,48,5,11,level_one_seller,BD,80,FALSE,
5,FALSE,17,explorweb,49,5,17,level_one_seller,BD,85,FALSE,
4.5,FALSE,8,kajanan_dev,50,4.6153846,13,,LK,5,FALSE,
4.9,FALSE,131,swipewire_,51,4.897933,132,level_two_seller,BD,120,FALSE,
4.9,FALSE,27,haseenqamar,52,4.9259257,27,level_one_seller,PK,40,FALSE,
4.8,FALSE,50,camadesigns,53,4.8161798,1237,top_rated_seller,LK,95,FALSE,
5,FALSE,14,shopify_manir,54,4.892435,583,top_rated_seller,BD,190,FALSE,
5,FALSE,37,wptech_champ,55,5,37,level_two_seller,BD,85,FALSE,
5,FALSE,13,web_socket,56,5,13,level_one_seller,BD,85,FALSE,
4.9,FALSE,138,innosight,57,4.939815,144,level_two_seller,BD,95,FALSE,
5,FALSE,28,techdot_,58,5,31,level_two_seller,BD,100,FALSE,
4.9,FALSE,120,rumanaafroze768,59,4.9304705,163,level_two_seller,BD,80,FALSE,
5,FALSE,71,woow_geeky,60,4.995305,71,level_two_seller,BD,120,FALSE,
5,FALSE,19,dev_ninza,61,5,19,level_one_seller,BD,80,FALSE,
5,FALSE,285,ksudhir2,62,4.9548388,309,level_two_seller,IN,80,FALSE,
5,FALSE,44,wp_frenzy,63,4.992424,44,level_two_seller,BD,85,FALSE,
5,FALSE,33,webgenius0,64,4.982222,75,level_two_seller,BD,120,FALSE,
4.8,FALSE,43,hammad_ahmad786,65,4.759259,72,level_two_seller,PK,20,FALSE,
5,FALSE,6,m_naiq,66,5,6,,PK,70,FALSE,
5,FALSE,8,mrviber,67,5,13,level_one_seller,PK,50,FALSE,
5,FALSE,76,softlogex,68,4.958763,97,level_two_seller,PK,10,FALSE,
4.9,FALSE,12,haris_webgl,69,4.911111,15,level_two_seller,PK,150,FALSE,
4.8,FALSE,7,ghumanhashir,70,4.7619047,7,,PK,15,FALSE,
5,FALSE,10,codepremier,71,5,10,level_one_seller,BD,80,FALSE,
5,FALSE,8,devscout,72,5,8,,BD,80,FALSE,
5,FALSE,8,tech_hype1,73,5,8,,BD,80,FALSE,
5,FALSE,7,uidigital,74,4.99187,82,level_two_seller,BD,85,FALSE,
5,FALSE,8,tech_chips,75,5,8,,BD,80,FALSE,
4.9,FALSE,72,obaidkhan258,76,4.9027777,72,level_two_seller,PK,25,FALSE,
5,FALSE,9,ehtisham_sajid,77,5,9,level_one_seller,PK,80,FALSE,
5,FALSE,13,cmshero,78,5,13,level_one_seller,BD,85,FALSE,
4.9,FALSE,49,gilbert_jozeph,79,4.8707485,49,level_one_seller,PK,80,FALSE,
5,FALSE,10,dropshipease,80,5,10,level_one_seller,IN,95,FALSE,
5,FALSE,11,cmswiz,81,5,11,level_one_seller,BD,80,FALSE,
5,FALSE,72,web_mastery1,82,4.941489,188,level_two_seller,BD,85,FALSE,
5,FALSE,19,growbuddy,83,5,19,level_one_seller,BD,85,FALSE,
5,FALSE,6,urbanedge,84,5,27,level_two_seller,IN,80,FALSE,
4.9,FALSE,46,web_genius02,85,4.905797,46,level_two_seller,BD,80,FALSE,
5,FALSE,341,asfandiyark6250,86,4.973384,372,level_two_seller,PK,5,FALSE,
4.8,FALSE,219,masad98765,87,4.884454,771,level_two_seller,PK,95,FALSE,
4.9,FALSE,16,ahsanali_4,88,4.848485,22,level_two_seller,PK,80,FALSE,
4.9,FALSE,25,themetidy,89,4.9166665,33,level_two_seller,BD,80,FALSE,
4.9,FALSE,5,hu_brands,90,4.8162394,269,level_two_seller,PK,80,FALSE,
5,FALSE,46,web_wafels,91,4.9710145,46,level_two_seller,BD,100,FALSE,
4.9,FALSE,16,laurenthomas44,92,4.939394,22,level_one_seller,US,80,FALSE,
4.9,FALSE,74,wpwizard_,93,4.9414415,74,level_two_seller,BD,85,FALSE,
5,FALSE,16,websparks,94,5,16,level_one_seller,BD,85,FALSE,
5,FALSE,51,harshrawat263,95,4.982143,80,level_two_seller,IN,80,FALSE,
5,FALSE,56,umerfarooq7869,912,4.8717947,87,level_two_seller,PK,15,FALSE,
5,TRUE,85,abdulsaqrane,913,4.9736843,87,level_two_seller,GB,200,FALSE,
4.9,FALSE,51,hannanahsan,914,4.908602,62,level_two_seller,PK,325,FALSE,
5,FALSE,15,sunskilltechs,915,4.963964,638,level_one_seller,PK,100,FALSE,
4.9,FALSE,61,faisal_codex,916,4.933877,486,level_two_seller,PK,30,FALSE,
4.9,FALSE,31,meetgoti07,917,4.8226953,56,level_two_seller,IN,30,FALSE,
5,FALSE,118,hdhiren,918,4.841584,237,level_one_seller,BD,125,FALSE,
5,FALSE,27,rakib_gaji,919,4.8756475,252,level_two_seller,BD,90,FALSE,
5,FALSE,43,umar2103,920,4.99061,1222,top_rated_seller,PK,90,FALSE,
0,FALSE,0,rahmoun_fares,921,5,9,,DZ,80,FALSE,
4.9,FALSE,43,mudaxirmalik,922,4.9560723,605,level_two_seller,PK,85,FALSE,
4.9,TRUE,108,zobaair,923,4.935,400,top_rated_seller,PK,255,FALSE,
5,FALSE,163,smart_isenough,924,4.9466667,200,level_two_seller,PK,35,FALSE,
5,FALSE,76,malcomtech,925,4.915916,111,level_two_seller,NG,80,FALSE,
5,FALSE,1,mind_touch,926,4.954023,87,level_one_seller,BD,85,FALSE,
5,FALSE,89,ismail_muhammad,927,4.979021,342,top_rated_seller,PK,130,FALSE,
5,FALSE,7,samiullahtech,928,4.845238,28,level_one_seller,PK,100,FALSE,
4.9,FALSE,78,soomro75,929,4.8974357,79,level_two_seller,PK,85,FALSE,
4.9,FALSE,125,developerriaz,930,4.9475656,138,level_two_seller,BD,80,FALSE,
5,FALSE,30,shawn_webexpert,931,5,174,level_two_seller,PK,35,FALSE,
4.9,FALSE,60,joynal_dev,932,4.904762,78,level_two_seller,BD,80,FALSE,
5,FALSE,3,aryan_khan744,933,4.905797,46,level_one_seller,PK,80,FALSE,
4.9,FALSE,175,hajikhan1473,934,4.9347825,283,level_two_seller,PK,125,FALSE,
4.9,FALSE,208,wpthemeexpert,935,4.899371,239,level_two_seller,BD,80,FALSE,
4.8,FALSE,132,nazrul_rafi,936,4.9096775,155,level_two_seller,BD,40,FALSE,
5,FALSE,104,zeeshan_amjad1,937,4.992593,150,level_two_seller,PK,350,FALSE,
4.8,FALSE,21,shazad_creative,938,4.9466667,87,level_two_seller,PK,1000,FALSE,
5,FALSE,37,aiman_ahmad_ceo,939,4.952381,42,level_two_seller,PK,85,FALSE,
4.8,FALSE,69,alphabyte,940,4.848485,157,level_two_seller,RO,150,FALSE,
4.9,FALSE,189,usofti,941,4.9444447,396,level_two_seller,PK,80,FALSE,
5,FALSE,3,inspirelogix,942,4.9444447,11,level_two_seller,PK,80,FALSE,
5,FALSE,10,aurangxaib3,943,4.9583335,82,level_one_seller,PK,200,FALSE,
5,FALSE,17,geographer60,944,4.877261,814,level_two_seller,PK,250,FALSE,
5,FALSE,34,anibish,945,4.983333,80,level_two_seller,IN,670,FALSE,
5,FALSE,7,abrahamdave,946,4.9094896,1912,,US,595,FALSE,
5,FALSE,10,apurbo02,947,4.875,128,level_two_seller,BD,80,FALSE,
5,FALSE,39,hamza_teamalif,948,4.9553604,1350,level_two_seller,PK,30,FALSE,
4.9,FALSE,7,farhanrahman,949,4.822222,198,level_one_seller,BD,95,FALSE,
5,FALSE,69,aatifsaeed147,950,4.9809523,70,level_two_seller,PK,10,FALSE,
5,FALSE,1,weblaboratory,951,4.991228,106,level_two_seller,UA,100,FALSE,
5,FALSE,30,rakib1232,952,4.958763,198,level_two_seller,BD,50,FALSE,
4.9,FALSE,148,ajayceo1985,953,4.8971195,3809,top_rated_seller,IN,230,FALSE,
5,FALSE,33,elianwar,954,5,317,level_one_seller,PK,80,FALSE,
0,FALSE,0,dj_design_,955,4.785714,70,level_one_seller,MA,290,FALSE,
5,TRUE,50,wordpress_devbd,956,4.990741,141,level_two_seller,BD,120,FALSE,
5,FALSE,1,vishalingle758,957,3.9047618,7,,IN,80,FALSE,
5,FALSE,53,akib0079,958,5,64,level_one_seller,BD,85,FALSE,
4.8,FALSE,28,haseebrehman155,959,4.8809524,28,level_two_seller,PK,250,FALSE,
4.9,FALSE,251,pixleehub,96,4.9126983,252,level_two_seller,BD,90,FALSE,
5,FALSE,84,hashamzafar2231,97,4.97093,86,level_two_seller,PK,100,FALSE,
4.9,FALSE,72,obaidkhan258,98,4.9027777,72,level_two_seller,PK,25,FALSE,
4.9,FALSE,120,rumanaafroze768,99,4.9304705,163,level_two_seller,BD,80,FALSE,
5,FALSE,9,chaudhrymute,100,5,9,,PK,80,FALSE,
4.9,FALSE,13,hasan_dez,101,4.9215684,17,level_one_seller,BD,100,FALSE,
5,FALSE,100,wpweb_tech,102,4.9579287,103,level_two_seller,BD,90,FALSE,
4.9,FALSE,332,hassan__akhtar,103,4.878751,425,level_two_seller,PK,80,FALSE,
4.7,FALSE,68,hira_wpdev,104,4.7058825,68,level_two_seller,PK,80,FALSE,
4.9,FALSE,410,shopifygeekz,105,4.900208,483,level_two_seller,IN,80,FALSE,
4.9,FALSE,95,dev_pioneer,106,4.9484534,97,level_two_seller,BD,90,FALSE,
4.9,FALSE,187,shabihhaider,107,4.9179487,398,level_two_seller,PK,105,FALSE,
4.9,FALSE,82,arslanlehri12,108,4.9224806,86,level_two_seller,PK,80,FALSE,
5,FALSE,14,seovize,109,5,14,level_one_seller,PK,80,FALSE,
5,FALSE,8,sams_web2,110,5,8,,PK,85,FALSE,
5,FALSE,104,amdad7,111,4.984127,105,level_two_seller,BD,100,FALSE,
5,FALSE,5,code_minds,112,5,5,,BD,80,FALSE,
5,FALSE,50,brandev360,113,5,50,level_two_seller,BD,80,FALSE,
5,FALSE,56,shohag090,114,4.983051,59,level_one_seller,BD,80,FALSE,
5,FALSE,22,saad_aiwp,115,4.9753084,27,level_one_seller,PK,60,FALSE,
4.9,TRUE,26,themasterpeice,116,4.9014335,743,top_rated_seller,PK,500,FALSE,
4.9,FALSE,149,randyquinter402,117,4.9259257,194,level_two_seller,VE,80,FALSE,
5,FALSE,70,weaveflow,118,4.9952383,70,level_two_seller,BD,90,FALSE,
4.9,FALSE,131,aleenkha,119,4.9083967,131,level_two_seller,PK,80,FALSE,
4.9,FALSE,186,w3b_hive,120,4.8680553,240,level_two_seller,BD,80,FALSE,
4.9,FALSE,87,hashwebagency,121,4.938406,92,level_two_seller,PK,100,FALSE,
5,FALSE,12,mr_memon77,122,5,12,,PK,80,FALSE,
4.8,FALSE,629,sehar_1800,123,4.838323,668,level_one_seller,PK,80,FALSE,
5,FALSE,11,alizarhasan,124,5,11,level_one_seller,PK,80,FALSE,
5,FALSE,11,ajoysahagd,125,4.879679,2291,level_two_seller,BD,100,FALSE,
5,FALSE,51,app_oreo,126,5,51,level_two_seller,BD,180,FALSE,
4.9,FALSE,195,tahmina_aktherr,127,4.9367394,214,level_two_seller,BD,80,FALSE,
4.8,FALSE,43,itexpertdev,128,4.77305,47,level_two_seller,AU,50,FALSE,
4.3,FALSE,82,gt_design,129,4.754522,311,level_two_seller,GB,100,FALSE,
5,FALSE,20,syberoniq,130,5,20,level_one_seller,PK,80,FALSE,
4.9,FALSE,142,moiz_uae,131,4.952919,247,level_two_seller,AE,100,FALSE,
4.9,FALSE,127,shehroz,132,4.9239764,128,level_two_seller,PK,55,FALSE,
4.9,FALSE,96,armeenabaloch,133,4.948413,100,level_two_seller,PK,90,FALSE,
5,FALSE,111,seo_rehaan,134,4.9764013,116,level_two_seller,PK,80,FALSE,
5,FALSE,11,paul_frenchweb8,135,5,11,level_one_seller,FR,550,FALSE,
5,FALSE,128,ammarashraf181,136,4.9760194,467,level_two_seller,PK,100,FALSE,
5,FALSE,128,asifkhanbahadar,137,4.9632354,136,level_two_seller,PK,80,FALSE,
5,FALSE,6,mishal_writer1,138,5,10,,PK,80,FALSE,
4.8,FALSE,347,sandipank,139,4.796296,391,level_two_seller,IN,80,FALSE,
5,FALSE,35,uzair_mughal8,140,4.9619045,35,level_one_seller,PK,85,FALSE,
5,FALSE,14,aneesdilawar,141,4.9666667,90,level_two_seller,PK,130,FALSE,
4.9,FALSE,9,sameerkh123,142,4.888889,9,,PK,10,FALSE,
5,FALSE,18,rubel_ahomed,143,5,18,level_one_seller,BD,100,FALSE,
5,FALSE,20,anmdeisgnstudio,144,4.983333,20,level_one_seller,PK,80,FALSE,
5,FALSE,5,m_habib_noor,145,5,5,,PK,40,FALSE,
5,FALSE,9,psdauthor,146,4.891667,46,level_one_seller,PK,90,FALSE,
4.9,FALSE,328,developeratbest,147,4.924051,351,top_rated_seller,PK,95,FALSE,
4.9,FALSE,758,tanveer__ahmed,148,4.888889,868,level_one_seller,PK,195,FALSE,
4.8,FALSE,29,xlrocky,149,4.8680553,107,level_two_seller,BD,30,FALSE,
4.9,TRUE,35,kierandaly,150,4.8983955,246,level_two_seller,IE,275,FALSE,
5,FALSE,29,toseefkhan492,151,4.988506,29,level_one_seller,PK,60,FALSE,
4.9,FALSE,20,seoproqueen,152,4.952381,21,level_one_seller,PK,90,FALSE,
4.9,FALSE,43,salmananees,153,4.946429,72,level_one_seller,PK,80,FALSE,
4.7,FALSE,30,neuto_designs,154,4.7222223,30,level_two_seller,PK,80,FALSE,
5,FALSE,52,wordpress_expre,155,4.985507,69,level_two_seller,BD,100,FALSE,
5,FALSE,8,dev_mudassir,156,4.892857,84,level_two_seller,PK,80,FALSE,
4.9,FALSE,19,abeeraanwar1,157,4.9545455,22,level_one_seller,PK,80,FALSE,
4.9,TRUE,503,martin_svec,158,4.941288,540,top_rated_seller,CZ,250,FALSE,
5,FALSE,19,samii_2,159,5,40,level_two_seller,PK,85,FALSE,
4.9,FALSE,163,asadmahmood525,160,4.920833,209,level_two_seller,PK,80,FALSE,
4.9,TRUE,127,wix_buddy,161,4.8874893,418,level_two_seller,BD,350,FALSE,
4.9,FALSE,307,wp_anik,162,4.884181,336,level_two_seller,BD,95,FALSE,
4.9,FALSE,63,deloar_dev,163,4.90625,71,level_two_seller,BD,80,FALSE,
5,FALSE,13,techhub__,164,4.974359,13,,PK,80,FALSE,
5,FALSE,7,sonia_khan02,165,5,14,level_one_seller,PK,80,FALSE,
4.8,FALSE,38,modifiertech,166,4.8095236,42,level_two_seller,PK,80,FALSE,
4.9,FALSE,337,adeebakram,167,4.8965054,438,level_two_seller,PK,80,FALSE,
5,FALSE,398,mdnazmul_sobuz,168,4.9782944,426,top_rated_seller,BD,110,FALSE,
4.4,FALSE,7,shendesign1,169,4.861111,63,level_one_seller,LK,10,FALSE,
4.9,FALSE,100,pronoob419,170,4.8515153,113,level_two_seller,PK,80,FALSE,
4.7,FALSE,37,hamzajoya,171,4.6846848,37,level_two_seller,PK,80,FALSE,
5,FALSE,781,jehanzaib_007,172,4.961163,974,level_two_seller,PK,150,FALSE,
4.9,FALSE,138,ahmedriaz648,173,4.9719625,440,level_one_seller,PK,110,FALSE,
5,FALSE,10,adeelkhan_dev,174,5,10,,PK,120,FALSE,
4.6,FALSE,8,ali_akbar_99,175,4.8245616,19,level_one_seller,PK,10,FALSE,
4.9,FALSE,122,webmunni,176,4.8834686,123,level_two_seller,BD,80,FALSE,
5,TRUE,102,s_i_tushar,177,4.9931507,593,level_two_seller,BD,150,FALSE,
5,FALSE,12,hasheemismath,178,5,18,level_two_seller,LK,50,FALSE,
5,FALSE,28,hamxa224,179,5,28,level_one_seller,PK,90,FALSE,
5,FALSE,9,richard_ay6,180,5,13,,NG,10,FALSE,
5,FALSE,325,farzanasoud,181,4.986111,374,top_rated_seller,AU,200,FALSE,
4.8,FALSE,213,umair71,182,4.8422937,260,level_one_seller,PK,80,FALSE,
4.8,FALSE,133,sm_techno,183,4.8323355,167,level_two_seller,BD,90,FALSE,
5,FALSE,10,hatfdeveloper,184,5,10,,PK,80,FALSE,
4.9,FALSE,227,techpulse_,185,4.880062,231,level_two_seller,BD,100,FALSE,
4.7,FALSE,17,webhub786,186,4.7228913,131,level_one_seller,PK,30,FALSE,
4.9,FALSE,812,fahadmustafa004,187,4.9112477,866,level_two_seller,PK,100,FALSE,
5,FALSE,30,shahmirnawaz787,188,4.977778,30,level_two_seller,PK,80,FALSE,
4.8,FALSE,108,sarfaraz_dev,189,4.831683,114,level_two_seller,PK,90,FALSE,
4.9,FALSE,219,wp_monkey,190,4.918465,278,top_rated_seller,BD,295,FALSE,
5,TRUE,141,massivework,191,4.94754,1665,top_rated_seller,IN,475,FALSE,
5,FALSE,26,rasib_chaudhary,192,5,34,level_one_seller,PK,80,FALSE,
5,FALSE,31,sabriawais786,193,4.9892473,31,level_two_seller,PK,80,FALSE,
4.9,FALSE,125,mahmudparbes,194,4.9482403,351,level_two_seller,BD,30,FALSE,
4.9,FALSE,20,sujon_mahmud11,195,4.8333335,38,level_two_seller,BD,80,FALSE,
4.9,FALSE,29,abdullahrazzaq3,196,4.904762,52,level_two_seller,PK,80,FALSE,
5,FALSE,90,khan_dilbar,197,4.9529915,90,level_two_seller,PK,85,FALSE,
4.9,FALSE,1289,usamarehan,198,4.9399095,2154,top_rated_seller,PK,150,FALSE,
4.9,FALSE,99,bilalelmarbouh7,199,4.872889,525,level_two_seller,MA,100,FALSE,
4.9,FALSE,229,woow_web,200,4.8873143,247,level_two_seller,BD,90,FALSE,
4.8,FALSE,68,nayanagraphics,201,4.782766,376,level_two_seller,IN,150,FALSE,
4.5,FALSE,8,realabdulhameed,202,4.5,8,level_one_seller,PK,80,FALSE,
5,FALSE,15,mercy_res,203,4.845238,225,level_two_seller,KE,80,FALSE,
4.9,FALSE,23,aadaniel,204,4.9365077,23,level_two_seller,NL,520,FALSE,
5,FALSE,241,eclixo,205,4.9653335,276,level_two_seller,IN,150,FALSE,
4.3,FALSE,8,muhammadnade661,206,4.3333335,9,,PK,10,FALSE,
4.9,FALSE,73,dev_mudassir,207,4.892857,84,level_two_seller,PK,95,FALSE,
5,FALSE,66,aa_shan,208,4.9761906,70,level_two_seller,LK,30,FALSE,
4.9,FALSE,385,brilliantwebs,209,4.9001784,436,top_rated_seller,LK,90,FALSE,
5,FALSE,10,utsav_vasoya_85,210,4.9761906,14,level_one_seller,IN,90,FALSE,
5,FALSE,79,naimwdm,211,5,85,level_two_seller,BD,30,FALSE,
4.9,FALSE,36,talhafx2,212,4.8703704,36,level_one_seller,PK,30,FALSE,
5,FALSE,250,hassanjavaidrao,213,4.974886,283,level_two_seller,OM,80,FALSE,
4.9,FALSE,57,zohaib_anjum_11,214,4.9066668,76,level_two_seller,PK,300,FALSE,
4.9,FALSE,1017,muhammadmubeen_,215,4.8793693,1075,level_two_seller,PK,15,FALSE,
4.8,FALSE,72,joe_digitalls,216,4.877854,186,level_two_seller,NG,80,FALSE,
5,FALSE,33,shoaibmukhtar88,217,5,33,level_one_seller,PK,80,FALSE,
4.9,FALSE,19,seonxdesigner,218,4.9333334,25,level_two_seller,PK,80,FALSE,
4.7,FALSE,19,surajvsonkar,219,4.7391305,23,level_one_seller,IN,5,FALSE,
5,FALSE,6,mbmughal20,220,4.927536,65,level_two_seller,PK,35,FALSE,
5,FALSE,19,charles_jhonson,221,5,19,level_two_seller,US,90,FALSE,
5,FALSE,5,hamza_codediv,222,4.8630137,241,top_rated_seller,PK,120,FALSE,
5,FALSE,6,rushabh1348,223,4.9411764,17,level_one_seller,IN,5,FALSE,
5,FALSE,15,gsoroar,224,4.9444447,41,level_one_seller,BD,20,FALSE,
5,FALSE,32,agrariannadeem,225,4.9666667,40,level_two_seller,PK,100,FALSE,
4.9,FALSE,28,sakibhosan,226,4.922222,245,top_rated_seller,BD,80,FALSE,
4.9,FALSE,488,imtiazz,227,4.9496856,534,level_two_seller,PK,170,FALSE,
4.9,FALSE,16,inaam_mirza,228,4.9375,16,level_one_seller,PK,100,FALSE,
4.9,FALSE,357,parallexprogram,229,4.910828,564,top_rated_seller,PK,80,FALSE,
5,FALSE,470,tahirsaleem9,230,4.9458876,805,top_rated_seller,PK,95,FALSE,
5,FALSE,52,byte_brilliance,231,5,52,level_one_seller,PK,100,FALSE,
5,FALSE,12,waqar_yousaf96,232,5,12,level_one_seller,PK,40,FALSE,
5,FALSE,4,ibrarsattar,233,5,10,,PK,30,FALSE,
4.9,FALSE,282,muhammadaleem0,234,4.9102564,316,level_two_seller,PK,80,FALSE,
5,FALSE,8,clarajjson,235,5,8,level_one_seller,US,100,FALSE,
5,FALSE,146,atiquerk,236,4.9871793,191,level_two_seller,PK,80,FALSE,
4.9,FALSE,99,waleedbinkha656,237,4.9535356,165,level_two_seller,PK,40,FALSE,
5,FALSE,23,million_daller,238,4.970588,34,level_two_seller,NG,100,FALSE,
5,FALSE,6,alyssaen,239,5,6,,US,80,FALSE,
5,FALSE,3,majwadalam,240,5,3,,PK,20,FALSE,
4.8,FALSE,59,memonabilal251,241,4.863454,83,level_two_seller,PK,80,FALSE,
4.8,FALSE,119,netsouls,242,4.788969,262,level_one_seller,PK,30,FALSE,
4.9,FALSE,57,girdharidev,243,4.8868504,109,level_two_seller,IN,100,FALSE,
5,FALSE,361,gramup,244,4.9895425,441,top_rated_seller,PK,180,FALSE,
5,FALSE,8,tanvir7225,245,4.9479165,128,level_two_seller,BD,80,FALSE,
4.9,FALSE,430,mosharofhose12,246,4.946554,556,level_two_seller,BD,80,FALSE,
4.8,FALSE,258,creative_limon1,247,4.8371964,314,level_two_seller,BD,30,FALSE,
4.8,FALSE,19,karimalmoatazb,248,4.818182,19,level_one_seller,EG,85,FALSE,
4.9,FALSE,62,precious0100,249,4.9100876,78,level_two_seller,NG,150,FALSE,
4.9,FALSE,59,prashantmardiya,250,4.915438,851,top_rated_seller,IN,110,FALSE,
4.9,FALSE,749,abdulwahab1337,251,4.916211,948,top_rated_seller,PK,290,FALSE,
5,FALSE,223,mujtabawp,252,4.9701047,223,level_two_seller,PK,80,FALSE,
4.9,FALSE,36,muhammadrawjani,253,4.9305553,68,level_two_seller,PK,25,FALSE,
5,FALSE,688,alizafar96,254,4.960182,721,level_two_seller,PK,80,FALSE,
5,TRUE,1,saifsadi,255,4.875318,639,top_rated_seller,AE,995,FALSE,
5,FALSE,820,ibrahimshah361,256,4.933544,905,top_rated_seller,PK,100,FALSE,
5,FALSE,7,anisha_web,257,5,7,,PK,50,FALSE,
5,FALSE,19,shabu121097,258,5,39,level_two_seller,IN,80,FALSE,
5,FALSE,1021,wordpres_skils,259,4.9537573,1045,level_two_seller,PK,90,FALSE,
4.8,FALSE,46,malik_019,260,4.8679247,53,level_two_seller,PK,80,FALSE,
5,FALSE,121,kuldeepjain11,261,5,121,level_two_seller,IN,5,FALSE,
5,FALSE,10,web___weaver,262,4.969697,11,,NG,80,FALSE,
4.9,FALSE,372,cryptohacks,263,4.9331503,378,level_two_seller,PK,10,FALSE,
5,FALSE,2022,sarahalee,264,4.975069,2064,top_rated_seller,PK,80,FALSE,
4.9,FALSE,11,muhammadzaka114,265,4.9565215,23,,PK,10,FALSE,
5,FALSE,6,maahhuumm,266,4.826389,240,level_one_seller,PK,80,FALSE,
4.9,FALSE,106,mussana,267,4.9469028,113,level_two_seller,PK,80,FALSE,
5,FALSE,171,mbpcreations,268,4.984277,259,level_two_seller,LK,20,FALSE,
4.9,FALSE,835,urwa_pk,269,4.915018,905,level_two_seller,PK,85,FALSE,
4.7,FALSE,103,techtitanstudio,270,4.7507935,105,level_two_seller,US,450,FALSE,
4.9,FALSE,39,sarah_ali_1,271,4.9183674,49,level_two_seller,PK,80,FALSE,
4.9,FALSE,121,wp_awais,272,4.935185,162,level_two_seller,PK,100,FALSE,
5,FALSE,559,m_webs,273,4.986532,665,top_rated_seller,PK,195,FALSE,
5,TRUE,3,hella_fast,274,4.953704,316,level_one_seller,GE,400,FALSE,
4.9,FALSE,25,devtaha458,275,4.9333334,25,level_two_seller,PK,15,FALSE,
4.9,FALSE,293,digitalcode,276,4.8876405,492,level_two_seller,BD,15,FALSE,
4.7,FALSE,11,rabail__abbasi,277,4.75,12,level_one_seller,PK,80,FALSE,
5,FALSE,10,ttechwpsol,278,5,10,,PK,80,FALSE,
5,FALSE,12,waynebrown00991,279,5,12,,US,45,FALSE,
5,FALSE,173,siddiqtasks876,280,4.9694443,307,level_two_seller,PK,100,FALSE,
5,FALSE,12,rajashooter07,281,5,12,level_one_seller,GB,90,FALSE,
5,FALSE,735,creativ_bird,282,4.9542336,793,top_rated_seller,PK,80,FALSE,
4.9,FALSE,121,antara1995,283,4.8686867,124,level_two_seller,BD,80,FALSE,
5,FALSE,9,david_kahrs,284,5,9,level_one_seller,US,160,FALSE,
4.9,FALSE,160,dany_daneal,285,4.9340463,187,level_two_seller,PK,80,FALSE,
4.8,FALSE,306,amiemalik,286,4.8461537,306,level_one_seller,PK,80,FALSE,
5,FALSE,119,lyssettepineda,287,4.9692307,139,level_one_seller,MX,80,FALSE,
4.9,FALSE,21,jambiz123,288,4.9242425,22,level_one_seller,PH,50,FALSE,
4.9,FALSE,319,shahzaib_cheema,289,4.943953,450,top_rated_seller,PK,100,FALSE,
5,FALSE,3,gul_shar_khan,290,5,3,,PK,30,FALSE,
5,TRUE,3,websiterz,291,4.961738,1282,top_rated_seller,PK,2250,FALSE,
5,FALSE,54,t82747k,292,4.9532795,552,level_two_seller,PK,100,FALSE,
5,FALSE,41,anasjutt244,293,4.857143,154,level_two_seller,PK,10,FALSE,
4.7,FALSE,41,shehzadkhan453,294,4.844282,163,level_two_seller,PK,10,FALSE,
4.9,FALSE,32,hamidkay1,295,4.9469695,44,level_one_seller,NG,80,FALSE,
5,FALSE,67,tahirqadeer_007,296,4.904412,136,level_one_seller,PK,50,FALSE,
5,FALSE,10,dayo_vic,297,5,10,,NG,80,FALSE,
4.9,FALSE,34,sajid_tech1448,298,4.880342,39,level_one_seller,PK,5,FALSE,
5,FALSE,12,husnain__1,299,5,12,,PK,45,FALSE,
5,FALSE,283,wordpressdemon,300,4.946629,297,level_two_seller,PK,145,FALSE,
5,FALSE,7,raja_usama__,301,5,22,,PK,30,FALSE,
4.4,FALSE,17,codepanda,302,4.786408,407,level_two_seller,LK,80,FALSE,
4.9,FALSE,285,shohag_islam,303,4.840456,343,level_two_seller,BD,100,FALSE,
4.8,FALSE,47,sales_go,304,4.85641,65,level_two_seller,GB,80,FALSE,
4.9,FALSE,27,zia_khanz,305,4.888889,36,level_one_seller,PK,10,FALSE,
4.9,FALSE,879,nauman440,306,4.899311,1223,top_rated_seller,PK,245,FALSE,
4.9,FALSE,84,iamshaharyar,307,4.905983,144,level_one_seller,PK,80,FALSE,
5,FALSE,18,madlads,308,4.987988,160,level_two_seller,PK,120,FALSE,
4.9,TRUE,255,skodzhamanov,309,4.946779,319,top_rated_seller,BG,595,FALSE,
4.7,FALSE,49,usama_zaheer23,310,4.734694,52,level_two_seller,PK,80,FALSE,
5,FALSE,5,webdot1,311,5,5,,PK,80,FALSE,
4.9,FALSE,75,web_b00sters,312,4.8305087,118,level_one_seller,PK,50,FALSE,
5,FALSE,53,nexanovaltech,313,5,54,level_two_seller,PK,100,FALSE,
5,FALSE,5,daisy_lillian,314,5,5,,NG,80,FALSE,
4.8,FALSE,16,tamgamer97,315,4.857143,26,level_two_seller,GB,45,FALSE,
4.9,FALSE,90,technotracks,316,4.904762,95,level_two_seller,PK,100,FALSE,
0,FALSE,0,mindblowingtv,317,4.2,5,,PH,100,FALSE,
5,FALSE,3,sam_creative8,318,5,3,,NG,65,FALSE,
4.9,FALSE,36,chinliokafor,319,4.931973,49,level_two_seller,NG,80,FALSE,
4.9,TRUE,123,ramani007,320,4.888889,471,level_two_seller,IN,395,FALSE,
4.5,FALSE,40,taskeenzahra773,321,4.483333,41,level_one_seller,PK,80,FALSE,
5,FALSE,21,tech_dose,322,5,87,level_two_seller,PK,300,FALSE,
4.9,FALSE,17,tigrow,323,4.9466667,25,level_two_seller,AL,380,FALSE,
4.9,FALSE,14,webflow321,324,4.904762,14,level_one_seller,PK,15,FALSE,
5,FALSE,640,hamza__yaqoob,325,4.982684,663,top_rated_seller,PK,20,FALSE,
5,FALSE,54,wp_khan786,326,5,54,level_two_seller,PK,35,FALSE,
4.9,FALSE,117,saira7100,327,4.9217687,163,level_one_seller,PK,85,FALSE,
5,FALSE,4,denis89722,328,5,5,level_one_seller,AU,80,FALSE,
4.9,FALSE,468,ar_hredoy,329,4.902968,595,level_one_seller,BD,100,FALSE,
5,TRUE,475,kirillillenkov,330,4.977133,520,top_rated_seller,PL,395,FALSE,
4.8,FALSE,80,sunshee,331,4.8362093,20804,level_one_seller,US,295,FALSE,
5,FALSE,122,fahaadmalik,332,4.9949493,122,level_two_seller,PK,130,FALSE,
5,FALSE,26,cyber_sculptor,333,5,26,level_one_seller,PK,150,FALSE,
4.8,FALSE,93,webdot2,334,4.81362,93,level_two_seller,BD,80,FALSE,
5,TRUE,3,massivework,335,4.94754,1665,top_rated_seller,IN,3355,FALSE,
5,FALSE,28,nexa_genius,336,4.9880953,28,level_one_seller,PK,100,FALSE,
5,FALSE,400,junaidjd43,337,4.9748063,491,level_two_seller,PK,80,FALSE,
4.9,FALSE,131,ferozarshad,338,4.9379845,152,level_two_seller,PK,85,FALSE,
5,FALSE,13,harrietrubby00,339,5,13,,US,10,FALSE,
5,FALSE,15,speciallity,340,4.9512196,349,level_two_seller,GB,60,FALSE,
4.8,FALSE,91,web_prodesigns,341,4.7545786,91,level_two_seller,PK,50,FALSE,
4.7,FALSE,136,fahad612,342,4.715942,139,level_one_seller,PK,20,FALSE,
5,TRUE,26,johnaniht,343,4.9806204,113,top_rated_seller,GB,500,FALSE,
5,FALSE,131,noormuhammad_uc,344,4.9673915,136,level_two_seller,PK,275,FALSE,
4.9,FALSE,28,vukovicstefan,345,4.964286,56,level_two_seller,BA,50,FALSE,
5,FALSE,7,haseeb_ahmad9,346,4.949772,301,top_rated_seller,PK,880,FALSE,
5,FALSE,4,umerfreelance17,347,4.9666667,196,top_rated_seller,PK,150,FALSE,
4.9,FALSE,32,laolu_d,348,4.9142857,35,level_one_seller,NG,50,FALSE,
4.8,FALSE,165,musttechusa,349,4.8131313,198,level_two_seller,US,95,FALSE,
5,FALSE,8,zaynfazal009,350,5,8,,PK,30,FALSE,
5,FALSE,5,fadenocode_,351,5,5,,NG,100,FALSE,
0,FALSE,0,qandeelfatima_,352,4.5,2,,PK,80,FALSE,
5,FALSE,10,olivia796,353,4.939394,11,,NG,20,FALSE,
5,FALSE,6,omarelsayed0,354,5,6,,EG,10,FALSE,
4.9,FALSE,32,muhammadfarh316,355,4.900901,40,level_two_seller,PK,100,FALSE,
4.4,FALSE,68,webflow_webx,356,4.448889,75,level_one_seller,PK,100,FALSE,
5,FALSE,3,munaf_kasbati,357,5,5,level_one_seller,US,200,FALSE,
4.9,FALSE,93,imfawad69,358,4.95189,98,level_one_seller,PK,40,FALSE,
5,FALSE,103,ankitbansal2101,359,4.8946543,454,level_two_seller,IN,25,FALSE,
4.9,FALSE,28,amnaarshad171,360,4.900292,799,,CA,100,FALSE,
4.9,FALSE,45,heritageman7,361,4.92437,119,level_two_seller,NG,45,FALSE,
4.9,FALSE,280,husnaintariq097,362,4.9173226,301,level_two_seller,PK,80,FALSE,
5,FALSE,252,itximtiazz,363,4.952145,315,level_one_seller,PK,80,FALSE,
4.9,FALSE,7,sam_coffey7,364,4.904762,7,level_one_seller,US,80,FALSE,
5,FALSE,1,mike_shad,365,5,1,,GB,10,FALSE,
5,FALSE,10,albacademy,366,5,10,,AL,80,FALSE,
4.9,FALSE,26,ijaz_khanafridi,367,4.9462366,31,level_one_seller,PK,20,FALSE,
5,FALSE,35,ama219,368,5,35,level_two_seller,IT,295,FALSE,
5,FALSE,7,vintage_valley,369,4.9138737,2809,top_rated_seller,PK,205,FALSE,
4.7,TRUE,2,icoderzsales,370,4.894977,120,level_two_seller,IN,290,FALSE,
4.9,FALSE,162,sushil_kumar40,371,4.860399,268,level_two_seller,IN,20,FALSE,
4.9,FALSE,6,franchbabu,372,4.786667,57,level_two_seller,BD,110,FALSE,
5,FALSE,317,prodeveloper66,373,4.9705014,376,level_two_seller,BD,90,FALSE,
5,FALSE,6,asifdev66,374,4.990476,35,level_two_seller,PK,80,FALSE,
5,FALSE,12,designs_flix,375,5,12,level_one_seller,PK,80,FALSE,
5,FALSE,5,cristobalchacin,376,5,6,level_one_seller,CR,80,FALSE,
5,FALSE,2,a7order,377,4.991667,80,level_two_seller,DE,80,FALSE,
5,FALSE,1,pioecat,378,5,2,level_one_seller,PH,80,FALSE,
4.7,FALSE,20,noumanranjha,379,4.703704,22,level_one_seller,PK,80,FALSE,
5,FALSE,7,tech_innova,380,5,7,,GB,80,FALSE,
4.8,FALSE,233,sadam_afridi,381,4.888889,338,level_two_seller,PK,85,FALSE,
4.9,FALSE,11,navneet9090,382,4.9444447,133,level_two_seller,IN,150,FALSE,
5,FALSE,175,tejgeorge,383,4.974359,395,top_rated_seller,IN,250,FALSE,
5,,252,jarral169,384,5,213,LEVEL_TRS,PK,30,FALSE,FALSE
4.9,,220,hashammalik1,385,4.9,203,LEVEL_TWO,PK,80,FALSE,FALSE
5,,182,shujaat54321,386,5,181,LEVEL_TWO,PK,15,FALSE,FALSE
5,,202,aashirx360,387,5,176,LEVEL_TWO,PK,35,FALSE,FALSE
5,,882,wp_expert_habib,388,5,703,LEVEL_TWO,BD,10,FALSE,FALSE
4.7,,448,grownew,389,4.7,323,LEVEL_TWO,BD,20,FALSE,FALSE
5,,60,wpstrings,390,5,49,LEVEL_TWO,PK,30,FALSE,FALSE
4.9,,1069,dennydigit,391,4.9,772,LEVEL_TRS,IL,50,FALSE,TRUE
5,,2935,seodpress,392,5,2447,LEVEL_TWO,NG,10,FALSE,FALSE
5,,49,runia_tanbin,393,5,41,LEVEL_TWO,BD,20,FALSE,FALSE
4.8,,935,junaid710,394,4.8,572,LEVEL_TRS,PK,50,FALSE,FALSE
5,,270,talha_web,395,5,180,LEVEL_TWO,BD,25,FALSE,FALSE
5,,3053,devmaster,396,5,2058,LEVEL_TRS,PK,10,FALSE,FALSE
4.9,,442,alokmondal126,397,4.9,323,LEVEL_TRS,BD,70,FALSE,TRUE
5,,1053,dhrubo234,398,5,707,LEVEL_TRS,BD,100,FALSE,FALSE
4.9,,51,noah_designer,399,4.9,39,LEVEL_TWO,PK,135,FALSE,FALSE
5,,266,tabina787,400,5,219,LEVEL_TWO,PK,40,FALSE,FALSE
5,,237,omideveloper,401,5,205,LEVEL_TWO,PK,15,FALSE,FALSE
5,,283,rahulsingh619,402,5,246,LEVEL_TWO,IN,15,FALSE,FALSE
4.9,,167,tanim_web,403,4.9,128,LEVEL_TWO,BD,40,FALSE,FALSE
5,,39,kaziferoz44,404,5,33,LEVEL_TWO,BD,80,FALSE,FALSE
4.9,,57,abdul_manann,405,4.9,47,LEVEL_TWO,PK,25,FALSE,FALSE
4.9,,714,ojuadekazeem,406,4.9,491,LEVEL_TRS,NG,50,FALSE,FALSE
5,,2053,farahbatool1302,407,5,1226,LEVEL_TWO,PK,15,FALSE,FALSE
4.9,,347,afaq_webtech,408,4.9,249,LEVEL_TWO,PK,25,FALSE,FALSE
4.9,,978,usamabinkhrshid,409,4.9,748,LEVEL_TRS,PK,75,FALSE,FALSE
4.9,,297,sushil_kumar40,410,4.9,245,LEVEL_TWO,IN,20,FALSE,FALSE
5,,2333,saleh_shaams,411,5,1809,LEVEL_TRS,BD,60,FALSE,FALSE
5,,4290,hetarthdesai,412,5,2794,LEVEL_TRS,IN,30,FALSE,TRUE
5,,1035,zesh_ii,413,5,829,LEVEL_TWO,PK,40,FALSE,FALSE
5,,1705,webdeveloper991,414,5,1026,LEVEL_TRS,PK,50,FALSE,FALSE
5,,1165,ramisa67,415,5,890,LEVEL_TRS,BD,10,FALSE,FALSE
5,,354,aehab1986,416,5,249,LEVEL_TRS,AE,50,FALSE,FALSE
4.8,,258,sm_techno,417,4.8,167,LEVEL_TWO,BD,80,FALSE,FALSE
5,,49,tabinda_islam,418,5,30,LEVEL_TWO,PK,115,FALSE,FALSE
5,,1430,surjeetsinghpro,419,5,1033,LEVEL_TWO,IN,20,FALSE,FALSE
4.9,,810,gleniis,420,4.9,462,LEVEL_TWO,DE,70,FALSE,FALSE
5,,158,alvina_shopify,421,5,153,LEVEL_TWO,PK,10,FALSE,FALSE
5,,84,fsrmedia,422,5,69,LEVEL_ONE,DE,410,FALSE,FALSE
4.9,,200,max_shah,423,4.9,113,LEVEL_TWO,BD,20,FALSE,FALSE
5,,38,danishrazzaq729,424,5,23,LEVEL_TWO,PK,40,FALSE,FALSE
4.7,,29,warrenapit,425,4.7,22,LEVEL_TWO,PH,35,FALSE,FALSE
5,,335,talha_a95,426,5,234,LEVEL_TWO,PK,20,FALSE,FALSE
4.9,,19,evergreenzones,427,4.9,10,LEVEL_TWO,BD,25,FALSE,FALSE
5,,1703,zainmalik96,428,5,1096,LEVEL_TRS,PK,45,FALSE,FALSE
4.9,,806,wpjuwel,429,4.9,616,LEVEL_TWO,BD,30,FALSE,FALSE
5,,431,imranhossainbpp,430,5,377,LEVEL_TWO,BD,85,FALSE,FALSE
4.9,,401,umerjaved94,431,4.9,343,LEVEL_TWO,AE,10,FALSE,FALSE
