seller_level,buying_review_rating,count,seller_country,seller_name,is_fiverr_choice,pos,buying_review_rating_count,is_pro,price_i,isPro,score
level_two_seller,5,101,BD,web_chrome,True,0,101,False,80,,4.993399
top_rated_seller,4.9,480,BD,leadsbridge,False,1,35,False,85,,4.907986
top_rated_seller,4.9,450,PK,shahzaib_cheema,False,2,319,False,100,,4.943953
level_two_seller,4.9,131,PK,aleenkha,False,3,131,False,80,,4.9083967
top_rated_seller,4,119,IN,rooloo,False,4,4,True,150,,4.885714
top_rated_seller,5,905,PK,ibrahimshah361,False,5,820,False,100,,4.933544
top_rated_seller,5,441,PK,gramup,False,6,361,False,180,,4.9895425
level_two_seller,4.9,662,PK,link2adeel,False,7,461,False,20,,4.9432497
top_rated_seller,4.9,1686,PK,noorahmed007,False,8,1539,False,80,,4.9300876
top_rated_seller,4.9,1430,US,rankharvest,False,9,16,False,300,,4.908741
level_two_seller,4.7,165,PK,webflow_web_hub,False,10,94,False,100,,4.6239314
top_rated_seller,4.9,1536,IN,ramiz_raza,False,11,1301,False,200,,4.894795
top_rated_seller,4.9,1866,PK,wix_guru,False,12,1837,False,145,,4.8734837
level_two_seller,5,68,BD,web_spero,False,13,35,False,85,,4.9313726
level_two_seller,5,111,BD,tech_wide,False,14,76,False,85,,4.963964
level_two_seller,5,113,BD,godev_,False,15,111,False,90,,4.961652
level_two_seller,4.9,157,BD,wp_arju,False,16,154,False,80,,4.81741
level_two_seller,4.9,252,BD,pixleehub,False,17,251,False,90,,4.9126983
level_one_seller,5,35,PK,talha_dx,False,18,10,False,80,,4.866667
level_two_seller,4.9,140,BD,websquadron,False,19,139,False,120,,4.9428573
level_two_seller,4.9,141,BD,dotweb01,False,20,141,False,85,,4.9479904
level_two_seller,4.9,405,PK,hsnfarooq,False,21,391,False,15,,4.8568625
top_rated_seller,5,187,PK,badar121,False,22,147,False,80,,4.9930553
level_two_seller,4.9,141,BD,xpresseditor,False,23,140,False,80,,4.917258
level_two_seller,4.9,639,PK,noah_designer,False,24,35,False,200,,4.8911567
level_two_seller,5,139,BD,shopify_pos,False,25,139,False,95,,4.961631
level_two_seller,5,34,BD,rank_champ,False,26,34,False,150,,5
level_two_seller,5,86,PK,hashamzafar2231,False,27,84,False,100,,4.97093
level_one_seller,4.9,217,PK,businesswp,False,28,217,False,80,,4.8517666
level_one_seller,5,14,IN,rajpdheeraj,False,29,13,False,50,,4.928571
level_two_seller,5,77,BD,anchortech_,False,30,59,False,85,,5
level_two_seller,5,38,BD,wpweb_guru,False,31,38,False,85,,5
level_two_seller,4.9,28,PK,devsaffinity,False,32,28,False,100,,4.928571
level_two_seller,4.9,238,PK,aliahmed2u,False,33,196,False,80,,4.9481792
level_two_seller,5,35,BD,tech_wonder,False,34,35,False,80,,5
level_two_seller,4.9,81,PK,digixtudios,False,35,62,False,80,,4.9423866
level_two_seller,5,36,PK,digitals360s,False,36,36,False,80,,4.962963
level_two_seller,5,56,BD,dev_verse,False,37,56,False,85,,5
level_two_seller,4.8,333,BD,pandascout,False,38,321,False,150,,4.838906
level_two_seller,5,82,PK,nomanmalik200,False,39,33,False,80,,4.804878
level_one_seller,5,16,BD,web_experts24,False,40,16,False,85,,5
level_two_seller,4.7,28,PK,spark_tech03,False,41,28,False,100,,4.7261906
level_one_seller,5,17,AE,webbe_tech,False,42,17,False,350,,5
level_two_seller,5,75,BD,tech_reaper,False,43,75,False,85,,4.9911113
level_two_seller,4.8,234,PK,abdcorp,False,44,73,False,80,,4.886447
level_two_seller,5,666,PK,alimehdi242,False,45,593,False,80,,4.992467
,5,9,US,adeyinkadavies,False,432,5,False,30,,5
level_two_seller,5,68,GB,webcraftsmith,False,433,29,False,1600,,5
level_one_seller,5,14,BD,uiux_raiyan,False,434,14,False,80,,4.952381
level_two_seller,5,52,BD,tapasmandal,False,435,15,False,125,,5
,5,4,US,carinarodgers,False,436,4,False,10,,5
top_rated_seller,5,127,AU,dereksiu,False,437,127,True,380,,4.9868765
level_two_seller,4.9,418,BD,wix_buddy,False,438,83,True,295,,4.8874893
top_rated_seller,5,523,BD,richardgomez007,False,439,437,False,150,,4.962963
level_two_seller,5,103,BD,farhana_hasan,False,440,86,False,80,,4.977778
,5,2,US,perc_franklin,False,441,2,False,10,,5
,5,2,AR,sebasab,False,442,2,False,130,,5
level_two_seller,4.9,38,TN,artzoned,False,443,12,False,200,,4.888889
,5,2,IN,robindkumar,False,444,1,False,100,,5
top_rated_seller,4.9,570,PK,sunnykhan996,False,445,36,False,80,,4.9239483
top_rated_seller,5,443,ES,tanasiychuk8,False,446,22,True,355,,4.970266
level_one_seller,4.8,107,PK,mujeeb_design,False,447,82,False,35,,4.8317757
level_two_seller,4.9,86,PK,wordpress_ceo,False,448,34,False,150,,4.9534883
top_rated_seller,5,690,PK,fawad_ramzan,False,449,89,False,175,,4.974396
level_two_seller,5,127,PK,numanbasher,False,450,17,False,80,,4.9555554
level_two_seller,5,362,PK,m_faran,False,451,328,False,80,,4.990167
top_rated_seller,4.9,345,PK,arqambashir,False,452,59,False,70,,4.8985505
level_two_seller,4.6,281,IN,pankaj711,False,453,14,True,495,,4.884696
level_one_seller,4.8,32,PK,eagle_web,False,454,32,False,15,,4.84375
level_one_seller,5,6,UA,anastasiiazin,False,455,6,False,80,,5
level_two_seller,5,311,PK,haider_21,False,456,159,False,90,,4.907173
level_two_seller,5,109,PK,samrana,False,457,8,False,100,,4.866667
level_two_seller,4.9,39,DE,liklee,False,458,34,False,30,,4.948718
level_one_seller,4.3,6,JP,hokuodesign,False,459,3,False,250,,4.6666665
level_one_seller,5,3,AT,valunex,False,460,3,False,395,,5
level_one_seller,4.6,30,NG,expertdrey88,False,461,27,False,30,,4.6833334
level_two_seller,5,213,BD,sajeeb05,False,462,1,False,85,,4.888889
top_rated_seller,5,473,PK,wp_babarali,False,463,282,False,65,,4.9579577
level_two_seller,5,1124,PK,websxpertz,False,464,790,False,95,,4.99687
level_two_seller,4.9,154,PK,creative_hands7,False,465,138,False,80,,4.9483566
level_two_seller,5,172,BD,masudpro,False,466,40,False,100,,4.9436274
level_one_seller,5,9,PK,rimswebdev,False,467,7,False,120,,5
top_rated_seller,5,171,DZ,dyacinedev,False,468,60,False,170,,4.9512672
,3.9,6,GB,jmach05,False,469,4,False,400,,4.133333
level_one_seller,5,24,NG,prestige9628,False,470,23,False,45,,4.9166665
level_one_seller,5,21,PK,market_expert43,False,471,21,False,195,,5
level_two_seller,5,62,IN,kamlesh55,False,472,37,False,150,,4.9166665
level_two_seller,4.9,959,PK,muzaffar_wp,False,473,110,False,90,,4.9124002
level_two_seller,5,63,PK,nomanabbasi12,False,474,9,False,100,,4.887097
top_rated_seller,4.8,544,PK,shahab01,False,475,52,True,225,,4.926966
level_two_seller,4.9,1499,PK,wordpress_play,False,476,1460,False,500,,4.883817
level_one_seller,4.8,14,BD,seo_likhon,False,477,13,False,90,,4.857143
level_two_seller,4.8,246,PK,fb_fatima,False,478,22,False,80,,4.8089433
top_rated_seller,5,562,LK,creativecolumn,False,479,215,False,45,,4.921941
LEVEL_TWO,5,337,PK,mr_moaz,False,624,417,,10,False,5
LEVEL_TWO,5,196,PK,danish_mirza,False,625,264,,20,False,5
LEVEL_TWO,4.9,301,PK,husnaintariq097,False,626,440,,30,False,4.9
LEVEL_TWO,4.9,13670,PK,aaliyaan,False,627,18342,,20,False,4.9
NO_LEVEL,5,7,PK,arfa_anjum,False,628,8,,30,False,5
LEVEL_TRS,5,454,LK,ruchihd,False,629,547,,50,False,5
LEVEL_TWO,5,166,PK,mariazara5088,False,630,183,,60,False,5
LEVEL_TRS,4.9,437,PK,ffawad,False,631,712,,55,False,4.9
LEVEL_TWO,4.9,87,PK,shazad_creative,False,632,92,,25,False,4.9
LEVEL_TWO,4.9,107,BD,naymur143,False,633,144,,20,False,4.9
LEVEL_TWO,4.8,54,PK,ahmd_webdesigns,False,634,84,,50,False,4.8
LEVEL_TWO,4.9,667,PK,xpertex9,False,635,936,,15,False,4.9
LEVEL_TWO,5,398,US,pantheondev,False,636,494,,75,False,5
LEVEL_TWO,5,85,BD,web_promise,False,637,96,,15,False,5
LEVEL_TWO,5,50,PK,mujtaba_5050,False,638,71,,25,False,5
LEVEL_TWO,4.7,103,US,techtitanstudio,False,639,144,,60,False,4.7
LEVEL_TWO,5,248,PK,abdulhaseeb615,False,640,282,,50,False,5
LEVEL_TWO,5,805,PK,wordpressdev518,False,641,1114,,10,False,5
LEVEL_TRS,5,358,PK,fawad_ramzan,False,642,378,,75,False,5
LEVEL_TRS,4.9,617,PK,aizaz2535,False,643,1051,,50,False,4.9
LEVEL_TRS,5,127,AU,dereksiu,False,644,197,,70,True,5
LEVEL_TWO,4.9,197,BD,wptech0,False,645,286,,80,False,4.9
LEVEL_TWO,5,244,PK,shoaib_sohail,False,646,331,,10,False,5
LEVEL_TWO,4.9,110,BD,wpdirector,False,647,133,,50,False,4.9
LEVEL_TWO,4.9,14,RO,rcernica,False,648,20,,10,False,4.9
LEVEL_TWO,4.9,224,PK,afroozalam5,False,649,256,,20,False,4.9
LEVEL_TWO,5,273,BD,mizanoorr,False,650,372,,20,False,5
LEVEL_TWO,5,656,PK,wahajmansoor,False,651,918,,45,False,5
LEVEL_TWO,4.9,103,GB,marnica,False,652,171,,115,False,4.9
LEVEL_TRS,4.9,243,IN,ajayceo1985,False,653,526,,280,False,4.9
LEVEL_TRS,5,434,PK,gramup,False,654,545,,90,False,5
LEVEL_TWO,5,723,BD,sjbkhan,False,655,990,,30,False,5
LEVEL_TWO,5,128,PK,md_zarak_khan,False,656,172,,20,True,5
LEVEL_TWO,4.9,442,PK,khalilurrehman1,False,657,600,,10,False,4.9
LEVEL_TWO,4.9,78,PK,zamangull,False,658,90,,60,False,4.9
LEVEL_TWO,4.9,85,BD,developerfuad1,False,659,94,,40,False,4.9
LEVEL_TWO,4.9,115,BD,dev_younus465,False,660,138,,15,False,4.9
LEVEL_TWO,4.8,42,PK,modifiertech,False,661,56,,80,False,4.8
LEVEL_TWO,4.9,1001,PK,muhammadumaid,False,662,1257,,15,False,4.9
LEVEL_TWO,4.9,1337,GB,jamedeveloper,False,663,2222,,25,False,4.9
LEVEL_TWO,5,275,PK,zohaibafzall,False,664,356,,20,False,5
LEVEL_TRS,4.9,1721,PK,moiz54,False,665,2340,,130,False,4.9
LEVEL_TWO,5,211,PK,mian_asif_fahim,False,666,234,,10,False,5
LEVEL_TWO,5,79,PK,danishkhan1995,False,667,83,,130,False,5
LEVEL_TWO,5,466,PK,smtaqimz,False,668,615,,20,False,5
LEVEL_TWO,5,19,MA,eladnan,False,669,22,,45,False,5
LEVEL_TWO,4.8,333,BD,pandascout,False,670,646,,85,False,4.8
LEVEL_TWO,4.9,331,BD,fxruhanahmed,False,671,423,,20,False,4.9
LEVEL_TWO,5,50,PK,mujtaba_5050,False,672,71,,25,False,5
LEVEL_TRS,5,523,PK,fatimakniazi,False,673,820,,90,False,5
LEVEL_TWO,4.9,107,BD,naymur143,False,674,144,,20,False,4.9
LEVEL_TWO,4.9,100,BD,wordpress_kaniz,False,675,108,,25,False,4.9
LEVEL_TRS,4.9,814,PK,bilaalshah,False,676,1149,,50,False,4.9
LEVEL_TWO,4.9,197,BD,wptech0,False,677,286,,80,False,4.9
LEVEL_TWO,5,244,PK,shoaib_sohail,False,678,331,,10,False,5
LEVEL_TRS,5,127,AU,dereksiu,False,679,197,,70,True,5
LEVEL_TRS,5,25,PK,hamzagraphics,False,680,36,,115,False,5
LEVEL_TWO,5,18,PK,waseem55,False,681,25,,45,False,5
LEVEL_TWO,5,805,PK,wordpressdev518,False,682,1114,,10,False,5
LEVEL_TRS,5,530,PK,procommerce,False,683,640,,100,True,5
LEVEL_TRS,4.9,1336,PK,ahmad_mujtaba,False,684,1755,,60,False,4.9
LEVEL_TRS,5,938,PK,wordpressi,False,685,1311,,50,False,5
LEVEL_TWO,5,23,IN,shabu121097,False,686,46,,5,False,5
LEVEL_TWO,5,273,BD,mizanoorr,False,687,372,,20,False,5
LEVEL_TRS,4.9,243,IN,ajayceo1985,False,688,526,,280,False,4.9
LEVEL_TWO,4.9,154,PK,ammara_1996,False,689,193,,35,False,4.9
LEVEL_TWO,4.8,191,BD,wp_winner,False,690,294,,75,False,4.8
LEVEL_TWO,5,61,BD,mdkalam456,False,691,67,,50,False,5
LEVEL_TWO,5,275,PK,zohaibafzall,False,692,356,,20,False,5
LEVEL_TWO,5,66,IN,ajesh05,False,693,71,,20,False,5
LEVEL_TWO,5,57,UA,oliynykdm,False,694,84,,50,True,5
LEVEL_TRS,4.9,74,US,davidols,False,695,105,,1295,True,4.9
LEVEL_TWO,4.9,88,PK,hamza_230,False,696,108,,80,False,4.9
LEVEL_TRS,5,289,PK,yasirz3325,False,697,366,,30,False,5
LEVEL_TWO,5,211,PK,mian_asif_fahim,False,698,234,,10,False,5
LEVEL_TWO,5,49,BY,themico,False,699,65,,25,False,5
LEVEL_TWO,4.7,88,PK,sonia_s0hail,False,700,111,,10,False,4.7
LEVEL_TRS,5,809,PK,amirkhan1996,False,701,1260,,50,False,5
LEVEL_TWO,4.9,1337,GB,jamedeveloper,False,702,2222,,25,False,4.9
LEVEL_TWO,5,195,IN,sandra_wiliamz,False,703,262,,80,False,5
LEVEL_TWO,4.9,106,PK,sufidigitals,False,704,133,,10,False,4.9
LEVEL_TWO,4.9,392,PK,salmanweb89,False,705,751,,5,False,4.9
LEVEL_TWO,4.9,331,BD,fxruhanahmed,False,706,423,,20,False,4.9
LEVEL_TRS,4.9,1721,PK,moiz54,False,707,2340,,130,False,4.9
LEVEL_TWO,5,86,BD,creator_arafat,False,708,100,,30,False,5
LEVEL_TWO,4.9,160,PK,hasnain165,False,709,286,,25,False,4.9
LEVEL_TWO,5,973,BD,rafidev,False,710,1208,,20,False,5
LEVEL_TWO,4.9,54,GR,es_aldo,False,711,66,,15,False,4.9
LEVEL_TRS,4.8,639,PK,faizanq,False,712,783,,30,False,4.8
LEVEL_TWO,5,123,BD,sy_shahadot,False,713,168,,90,False,5
LEVEL_TWO,5,290,BD,monirwcoder,False,714,349,,60,False,5
LEVEL_TWO,5,344,PK,sajjadzia,False,715,478,,30,False,5
LEVEL_TWO,5,590,PK,umair_aly28,False,716,800,,20,False,5
LEVEL_TWO,5,1607,IN,studio_dev,False,717,2021,,5,False,5
LEVEL_TWO,5,4,IN,rajkal,False,718,6,,125,False,5
LEVEL_TWO,5,269,BD,prosen_224,False,719,304,,20,False,5
LEVEL_TWO,4.9,130,BD,rh_rakibul,False,720,142,,15,False,4.9
LEVEL_TRS,4.9,115,BD,aarrohan,False,721,152,,25,False,4.9
LEVEL_TWO,5,30,PK,medipixel,False,722,31,,80,False,5
LEVEL_TWO,5,1193,BD,sohelbd56,False,723,1510,,15,False,5
LEVEL_TRS,5,2,BD,app_cake,False,724,3,,250,False,5
LEVEL_TWO,5,429,PK,codemetrix,False,725,539,,30,False,5
LEVEL_TWO,4.5,54,BD,limon45387,False,726,84,,20,False,4.5
LEVEL_TWO,4.9,796,IN,anupforshopify,False,727,1083,,100,False,4.9
LEVEL_TWO,5,216,BD,developershamil,False,728,266,,20,False,5
LEVEL_TWO,4.9,69,PK,ashley_smith909,False,729,99,,80,False,4.9
LEVEL_TWO,4.9,265,PK,mian_soft007,False,730,314,,30,False,4.9
LEVEL_TWO,4.9,132,PK,asif4548,False,731,234,,20,False,4.9
LEVEL_TWO,5,120,BD,coderboy77,False,732,153,,30,False,5
LEVEL_TWO,4.8,324,PK,shopifyqueen77,False,733,463,,20,False,4.8
LEVEL_TRS,5,788,US,boomlandjenkins,False,734,1238,,35,True,5
LEVEL_TWO,5,7,PK,iamjacksparrow,False,735,14,,25,False,5
LEVEL_TWO,4.9,797,AU,aliyaruman,False,736,1265,,35,False,4.9
LEVEL_TWO,4.9,234,BD,aidenmax,False,737,327,,25,False,4.9
LEVEL_TWO,4.9,135,BD,dev_sohel,False,738,148,,15,False,4.9
LEVEL_TWO,5,222,IN,bicoder_shopify,False,739,358,,30,False,5
LEVEL_TWO,4.8,46,PK,websolution5,False,740,60,,60,False,4.8
LEVEL_TWO,4.9,113,PK,sham383,False,741,159,,10,False,4.9
LEVEL_TRS,5,3026,PK,zeeshanx,False,742,4256,,35,False,5
LEVEL_TWO,5,336,PK,xpertfaisal,False,743,398,,20,False,5
LEVEL_TWO,4.9,68,PK,hassanjaved001,False,744,112,,30,False,4.9
LEVEL_TWO,5,51,BD,shorov1999,False,745,78,,35,False,5
LEVEL_TWO,5,46,PK,faizan_rajputt,False,746,47,,35,False,5
LEVEL_TWO,5,48,PK,jassimnaeem,False,747,70,,20,False,5
LEVEL_TWO,4.8,211,IN,snipper1212,False,748,245,,65,False,4.8
LEVEL_TWO,4.8,28,PK,haseebrehman155,False,749,46,,60,False,4.8
LEVEL_TRS,4.9,645,BG,george_nik,False,750,833,,1310,True,4.9
LEVEL_TWO,5,76,PK,sairaiqbal919,False,751,135,,100,False,5
LEVEL_TWO,4.9,69,PK,nabeel_ahmed370,False,752,86,,10,False,4.9
LEVEL_TWO,5,105,IN,amitjaryal0302,False,753,129,,5,False,5
LEVEL_TWO,4.9,137,PK,shezarajput81,False,754,200,,20,False,4.9
LEVEL_TWO,5,193,BD,wyarej,False,755,298,,10,False,5
LEVEL_TWO,4.9,133,PK,designbyexpert,False,756,166,,20,False,4.9
LEVEL_TWO,4.9,391,PK,usofti,False,757,497,,15,False,4.9
LEVEL_TWO,4.9,149,IN,inderservices,False,758,187,,50,False,4.9
LEVEL_TWO,5,130,PK,abdullahbutt84,False,759,174,,55,False,5
LEVEL_TRS,5,279,PK,ahmadsaeed68,False,760,377,,30,True,5
LEVEL_TWO,4.9,802,PK,tehzeebkazmi,False,761,1198,,55,False,4.9
LEVEL_TRS,5,258,LK,bytegrams,False,762,344,,15,False,5
LEVEL_TWO,5,116,BD,freelancerasma,False,763,179,,30,False,5
LEVEL_TWO,4.9,25,PK,salmangfx124,False,764,29,,5,False,4.9
LEVEL_TWO,4.9,81,PK,adnan_samii,False,765,109,,30,False,4.9
LEVEL_TWO,5,19,PK,nasirali321,False,766,22,,55,False,5
LEVEL_TWO,4.7,24,PK,rabi_developer,False,767,35,,55,False,4.7
level_two_seller,4.9,47,PK,arslan_hameed13,False,768,31,False,80,,4.8974357
,5,3,IN,rohit_sofia,False,769,2,False,80,,5
level_two_seller,5,120,PK,ahsanali5252,False,770,117,False,80,,4.960606
level_two_seller,4.6,114,BD,code_chief,False,771,25,False,100,,4.633333
top_rated_seller,5,342,PK,ismail_muhammad,False,772,21,False,100,,4.979021
level_two_seller,4.8,277,PK,sarahecom00,False,773,22,False,80,,4.8489585
level_two_seller,4.9,104,IN,talishkhan2020,False,774,79,False,80,,4.945513
,5,5,PK,abdhaisam,False,775,5,False,60,,5
level_two_seller,5,24,PK,web_solution_ex,False,776,18,False,60,,4.9722223
top_rated_seller,5,163,AL,besoh93,False,777,152,True,400,,4.9911113
level_two_seller,5,441,PK,maqadasmanzoor9,False,778,78,False,85,,4.8632874
level_two_seller,5,53,PK,samashaykh,False,779,1,False,250,,4.9308176
top_rated_seller,5,378,IN,ashb1012,False,780,175,False,80,,4.995338
level_one_seller,5,55,BD,imran_ali96,False,781,33,False,90,,4.9454546
level_two_seller,5,1051,IN,skyward,False,782,30,False,150,,4.9708114
level_one_seller,4.9,11,FR,remygot,False,783,8,False,305,,4.939394
level_one_seller,4.9,17,PK,mohidnaeem41,False,784,15,False,40,,4.9411764
level_one_seller,4.9,10,BD,wp_shahdat,False,785,9,False,80,,4.9333334
level_two_seller,4.9,121,PK,fiza2020,False,786,107,False,50,,4.9492755
level_two_seller,5,29,PK,saqib_rehman,False,787,15,False,50,,4.781609
level_two_seller,4.9,65,TR,coder_tolga,False,788,45,False,80,,4.8072915
level_two_seller,5,67,BD,servicestore85,False,789,44,False,35,,4.970149
level_one_seller,5,18,PK,mosen_dev55,False,790,16,False,80,,4.9814816
level_two_seller,5,95,US,proresumecoach,False,791,41,False,95,,4.894737
level_two_seller,4.7,399,PK,hamzay_08,False,792,81,False,85,,4.8544602
level_two_seller,4.9,226,PK,malikyusuf1926,False,793,174,False,100,,4.9501
level_two_seller,4.9,110,PK,saqibishaq,False,794,91,False,100,,4.910653
level_two_seller,5,120,UA,victor_ydc,False,795,21,False,300,,4.9805555
level_two_seller,4.9,64,PK,ahmed3215,False,796,45,False,80,,4.941799
level_two_seller,5,115,PK,sajidullah789,False,797,12,False,80,,4.9326925
level_one_seller,4.8,24,NG,jameshaaland,False,798,8,False,300,,4.8194447
level_one_seller,5,12,PK,uzairansari995,False,799,2,False,15,,5
level_one_seller,5,50,BD,shaikh210,False,800,9,False,125,,4.979592
top_rated_seller,5,5369,AL,geniusgenius01,False,801,83,False,995,,4.9773965
level_one_seller,5,24,PK,faisal2723,False,802,21,False,100,,4.9722223
level_two_seller,5,69,PK,shoaib_r90j,False,803,2,False,80,,4.9903383
level_two_seller,5,76,BD,omarfaruque7025,False,804,18,False,80,,4.854701
level_two_seller,5,145,PK,naumanmilo,False,805,105,False,350,,4.970464
level_one_seller,4.9,81,PK,nadeemaslam0129,False,806,66,False,80,,4.9588475
level_one_seller,4.4,100,PK,halolabdesign,False,807,23,True,150,,4.417778
level_two_seller,4.9,74,PK,amazon_exprt30,False,808,13,False,80,,4.920398
level_two_seller,4.9,70,PK,bakhtbaidar7,False,809,15,False,95,,4.885714
level_two_seller,4.7,156,PK,naveedrahat,False,810,48,False,80,,4.8739314
level_two_seller,4.9,240,BD,sarafatulrabby,False,811,55,False,80,,4.944193
level_two_seller,5,19,PK,zeeuiuxdesign,False,812,5,False,40,,5
level_one_seller,5,31,PK,maria_halvi,False,813,2,False,100,,4.967742
top_rated_seller,5,1537,PK,aidych,False,814,24,False,170,,4.9692173
level_two_seller,4.6,1044,PK,aleem_iqbal,False,815,151,False,100,,4.9407406
LEVEL_TWO,4.9,69,PK,nabeel_ahmed370,False,816,86,,10,False,4.9
LEVEL_TRS,5,341,MY,sufrisuf,False,817,547,,250,True,5
LEVEL_TWO,5,57,UA,oliynykdm,False,818,84,,50,True,5
LEVEL_TWO,4.9,152,PK,ferozarshad,False,819,219,,20,False,4.9
LEVEL_TWO,5,137,ZA,martindejonge_,False,820,157,,50,False,5
LEVEL_TWO,5,193,BD,wyarej,False,821,298,,10,False,5
LEVEL_TRS,5,900,GB,declanmaltman,False,822,1249,,1295,True,5
LEVEL_TWO,4.8,310,BD,creative_limon1,False,823,374,,30,False,4.8
LEVEL_TWO,5,15,PK,abuzerfirdousi,False,824,24,,10,False,5
LEVEL_TWO,4.8,132,PK,itx_alee,False,825,153,,20,False,4.8
LEVEL_TRS,5,1590,PK,haseeb_coder,False,826,2518,,35,False,5
LEVEL_TRS,4.9,368,IN,aniljangir159,False,827,585,,100,False,4.9
LEVEL_TWO,5,116,BD,freelancerasma,False,828,179,,30,False,5
LEVEL_TWO,5,30,BD,mustafiz_shaik,False,829,35,,20,False,5
LEVEL_TWO,5,196,PK,yasirahmas,False,830,292,,30,False,5
LEVEL_TWO,4.9,83,PK,pro_webdesiner,False,831,122,,100,False,4.9
LEVEL_TWO,4.9,85,BD,jahidulwd,False,832,153,,30,False,4.9
LEVEL_TWO,4.9,223,BD,jabedbhuiyan,False,833,321,,30,False,4.9
LEVEL_TWO,4.9,7,PK,ibtisamarif,False,834,7,,60,False,4.9
LEVEL_TRS,4.9,649,PK,herosolutions,False,835,1043,,135,False,4.9
LEVEL_TWO,5,364,PK,tahir_jr,False,836,467,,15,False,5
LEVEL_TWO,4.9,42,PK,qasimyasin0013,False,837,46,,10,False,4.9
LEVEL_TWO,5,304,BD,shohan_hossain,False,838,406,,30,False,5
LEVEL_ONE,4.9,850,PK,tanveer__ahmed,False,839,1096,,100,False,4.9
LEVEL_TWO,4.9,141,BD,xpresseditor,False,840,230,,80,False,4.9
LEVEL_TWO,4.8,17,BD,mosharrof_rimon,False,841,19,,50,False,4.8
LEVEL_TRS,5,938,PK,wordpressi,False,842,1311,,50,False,5
LEVEL_TRS,5,269,PK,computrenginear,False,843,416,,30,False,5
LEVEL_TRS,5,289,PK,yasirz3325,False,844,366,,30,False,5
LEVEL_TRS,5,64,GB,ingaland,False,845,90,,500,True,5
LEVEL_TWO,5,414,BD,rajibbarua_exp,False,846,507,,10,False,5
LEVEL_TRS,5,3,BD,creativework007,False,847,5,,150,False,5
LEVEL_TWO,4.9,130,BD,rh_rakibul,False,848,142,,15,False,4.9
LEVEL_TWO,5,249,PK,asadalitahir1,False,849,357,,30,False,5
LEVEL_TWO,4.7,277,BD,shopify_zahin,False,850,429,,30,False,4.7
LEVEL_TWO,4.9,106,PK,sufidigitals,False,851,133,,10,False,4.9
LEVEL_TWO,5,34,BD,rank_champ,False,852,56,,55,False,5
LEVEL_TWO,5,656,PK,wahajmansoor,False,853,918,,45,False,5
LEVEL_TWO,5,66,BD,shahrukapp,False,854,91,,130,False,5
LEVEL_TRS,5,523,PK,fatimakniazi,False,855,820,,90,False,5
LEVEL_TRS,5,1109,PH,cookieszxc,False,856,1811,,25,False,5
LEVEL_TWO,5,87,PK,katemag,False,857,109,,10,False,5
LEVEL_ONE,5,22,BD,itsakash2k,False,858,30,,25,False,5
LEVEL_TWO,5,331,PK,hi2syed,False,859,565,,10,False,5
LEVEL_TWO,4.8,678,BD,developer480,False,860,876,,85,False,4.8
LEVEL_TWO,5,195,IN,sandra_wiliamz,False,861,262,,80,False,5
LEVEL_TWO,5,194,PK,the_span_tech,False,862,209,,50,False,5
LEVEL_TWO,4.9,109,IN,girdharidev,False,863,210,,35,False,4.9
LEVEL_TWO,5,73,PK,websoftin,False,864,76,,30,False,5
LEVEL_TRS,5,64,GB,ingaland,False,865,90,,500,True,5
LEVEL_TWO,5,51,BD,shorov1999,False,866,78,,35,False,5
LEVEL_TWO,4.9,56,PK,qamar_turner,False,867,65,,40,False,4.9
LEVEL_TWO,4.9,211,PK,trenddev,False,868,329,,50,False,4.9
LEVEL_TWO,4.9,391,PK,usofti,False,869,497,,15,False,4.9
LEVEL_TWO,4.8,113,PK,sarfaraz_dev,False,870,175,,40,False,4.8
LEVEL_TRS,5,156,PK,webguru888,False,871,189,,10,False,5
LEVEL_TRS,5,3760,GB,mijanulkarim,False,872,4889,,20,False,5
LEVEL_TWO,4.9,126,PK,nazishmughal258,False,873,146,,10,False,4.9
LEVEL_TWO,5,15,PK,abuzerfirdousi,False,874,24,,10,False,5
LEVEL_TWO,4.9,83,PK,pro_webdesiner,False,875,122,,100,False,4.9
LEVEL_TWO,4.8,678,BD,developer480,False,876,876,,85,False,4.8
LEVEL_TWO,4.8,310,BD,creative_limon1,False,877,374,,30,False,4.8
LEVEL_TWO,5,3796,PK,zainsaeed100,False,878,7111,,20,False,5
LEVEL_TWO,4.8,17,BD,mosharrof_rimon,False,879,19,,50,False,4.8
LEVEL_TWO,5,87,PK,katemag,False,880,109,,10,False,5
LEVEL_TWO,4.9,133,PK,designbyexpert,False,881,166,,20,False,4.9
LEVEL_TWO,5,103,LK,roger_roys,False,882,134,,50,False,5
LEVEL_TWO,5,95,BD,ehasan28,False,883,114,,30,False,5
LEVEL_TWO,5,284,ID,noviitsource,False,884,342,,50,False,5
LEVEL_TWO,5,444,IN,sanacme,False,885,565,,60,False,5
LEVEL_TWO,5,53,MA,stenrdj,False,886,79,,50,False,5
LEVEL_TWO,5,331,PK,hi2syed,False,887,565,,10,False,5
LEVEL_TWO,4.9,234,BD,aidenmax,False,888,327,,25,False,4.9
LEVEL_TWO,5,64,GB,naghmehgh,False,889,69,,20,False,5
LEVEL_TWO,5,137,ZA,martindejonge_,False,890,157,,50,False,5
LEVEL_TRS,5,788,US,boomlandjenkins,False,891,1238,,35,True,5
LEVEL_TWO,4.1,50,PK,moderncreator01,False,892,79,,35,False,4.1
LEVEL_TWO,4.8,186,PK,arooj_mir,False,893,309,,40,False,4.8
LEVEL_TWO,4.9,195,PK,brandingbug,False,894,325,,20,False,4.9
LEVEL_TWO,5,364,PK,tahir_jr,False,895,467,,15,False,5
LEVEL_TWO,5,304,BD,shohan_hossain,False,896,406,,30,False,5
LEVEL_TWO,5,34,BD,rank_champ,False,897,56,,55,False,5
LEVEL_ONE,4.9,850,PK,tanveer__ahmed,False,898,1096,,100,False,4.9
LEVEL_TWO,5,249,PK,asadalitahir1,False,899,357,,30,False,5
LEVEL_TWO,5,386,IN,anmol_kumar1,False,900,582,,20,False,5
LEVEL_TWO,5,139,NG,gracie_ivy,False,901,171,,10,False,5
LEVEL_TWO,5,66,BD,shahrukapp,False,902,91,,130,False,5
LEVEL_TWO,4.9,130,IT,rahima_akther1,False,903,145,,5,False,4.9
LEVEL_TRS,5,1590,PK,haseeb_coder,False,904,2518,,35,False,5
LEVEL_TWO,4.9,340,PK,israrkhan44,False,905,448,,85,False,4.9
LEVEL_TWO,5,524,PK,arbazazam1,False,906,649,,10,False,5
LEVEL_TWO,4.9,81,PK,adnan_samii,False,907,109,,30,False,4.9
LEVEL_TWO,4.7,277,BD,shopify_zahin,False,908,429,,30,False,4.7
LEVEL_TWO,5,130,PK,abdullahbutt84,False,909,174,,55,False,5
LEVEL_TRS,4.9,316,PK,whatpress,False,910,448,,50,False,4.9
LEVEL_TRS,4.9,649,PK,herosolutions,False,911,1043,,135,False,4.9
level_one_seller,5,11,BD,open_soft,False,48,11,False,80,,5
level_one_seller,5,17,BD,explorweb,False,49,17,False,85,,5
,4.5,13,LK,kajanan_dev,False,50,8,False,5,,4.6153846
level_two_seller,4.9,132,BD,swipewire_,False,51,131,False,120,,4.897933
level_one_seller,4.9,27,PK,haseenqamar,False,52,27,False,40,,4.9259257
top_rated_seller,4.8,1237,LK,camadesigns,False,53,50,False,95,,4.8161798
top_rated_seller,5,583,BD,shopify_manir,False,54,14,False,190,,4.892435
level_two_seller,5,37,BD,wptech_champ,False,55,37,False,85,,5
level_one_seller,5,13,BD,web_socket,False,56,13,False,85,,5
level_two_seller,4.9,144,BD,innosight,False,57,138,False,95,,4.939815
level_two_seller,5,31,BD,techdot_,False,58,28,False,100,,5
level_two_seller,4.9,163,BD,rumanaafroze768,False,59,120,False,80,,4.9304705
level_two_seller,5,71,BD,woow_geeky,False,60,71,False,120,,4.995305
level_one_seller,5,19,BD,dev_ninza,False,61,19,False,80,,5
level_two_seller,5,309,IN,ksudhir2,False,62,285,False,80,,4.9548388
level_two_seller,5,44,BD,wp_frenzy,False,63,44,False,85,,4.992424
level_two_seller,5,75,BD,webgenius0,False,64,33,False,120,,4.982222
level_two_seller,4.8,72,PK,hammad_ahmad786,False,65,43,False,20,,4.759259
,5,6,PK,m_naiq,False,66,6,False,70,,5
level_one_seller,5,13,PK,mrviber,False,67,8,False,50,,5
level_two_seller,5,97,PK,softlogex,False,68,76,False,10,,4.958763
level_two_seller,4.9,15,PK,haris_webgl,False,69,12,False,150,,4.911111
,4.8,7,PK,ghumanhashir,False,70,7,False,15,,4.7619047
level_one_seller,5,10,BD,codepremier,False,71,10,False,80,,5
,5,8,BD,devscout,False,72,8,False,80,,5
,5,8,BD,tech_hype1,False,73,8,False,80,,5
level_two_seller,5,82,BD,uidigital,False,74,7,False,85,,4.99187
,5,8,BD,tech_chips,False,75,8,False,80,,5
level_two_seller,4.9,72,PK,obaidkhan258,False,76,72,False,25,,4.9027777
level_one_seller,5,9,PK,ehtisham_sajid,False,77,9,False,80,,5
level_one_seller,5,13,BD,cmshero,False,78,13,False,85,,5
level_one_seller,4.9,49,PK,gilbert_jozeph,False,79,49,False,80,,4.8707485
level_one_seller,5,10,IN,dropshipease,False,80,10,False,95,,5
level_one_seller,5,11,BD,cmswiz,False,81,11,False,80,,5
level_two_seller,5,188,BD,web_mastery1,False,82,72,False,85,,4.941489
level_one_seller,5,19,BD,growbuddy,False,83,19,False,85,,5
level_two_seller,5,27,IN,urbanedge,False,84,6,False,80,,5
level_two_seller,4.9,46,BD,web_genius02,False,85,46,False,80,,4.905797
level_two_seller,5,372,PK,asfandiyark6250,False,86,341,False,5,,4.973384
level_two_seller,4.8,771,PK,masad98765,False,87,219,False,95,,4.884454
level_two_seller,4.9,22,PK,ahsanali_4,False,88,16,False,80,,4.848485
level_two_seller,4.9,33,BD,themetidy,False,89,25,False,80,,4.9166665
level_two_seller,4.9,269,PK,hu_brands,False,90,5,False,80,,4.8162394
level_two_seller,5,46,BD,web_wafels,False,91,46,False,100,,4.9710145
level_one_seller,4.9,22,US,laurenthomas44,False,92,16,False,80,,4.939394
level_two_seller,4.9,74,BD,wpwizard_,False,93,74,False,85,,4.9414415
level_one_seller,5,16,BD,websparks,False,94,16,False,85,,5
level_two_seller,5,80,IN,harshrawat263,False,95,51,False,80,,4.982143
level_two_seller,5,87,PK,umerfarooq7869,False,912,56,False,15,,4.8717947
level_two_seller,5,87,GB,abdulsaqrane,False,913,85,True,200,,4.9736843
level_two_seller,4.9,62,PK,hannanahsan,False,914,51,False,325,,4.908602
level_one_seller,5,638,PK,sunskilltechs,False,915,15,False,100,,4.963964
level_two_seller,4.9,486,PK,faisal_codex,False,916,61,False,30,,4.933877
level_two_seller,4.9,56,IN,meetgoti07,False,917,31,False,30,,4.8226953
level_one_seller,5,237,BD,hdhiren,False,918,118,False,125,,4.841584
level_two_seller,5,252,BD,rakib_gaji,False,919,27,False,90,,4.8756475
top_rated_seller,5,1222,PK,umar2103,False,920,43,False,90,,4.99061
,0,9,DZ,rahmoun_fares,False,921,0,False,80,,5
level_two_seller,4.9,605,PK,mudaxirmalik,False,922,43,False,85,,4.9560723
top_rated_seller,4.9,400,PK,zobaair,False,923,108,True,255,,4.935
level_two_seller,5,200,PK,smart_isenough,False,924,163,False,35,,4.9466667
level_two_seller,5,111,NG,malcomtech,False,925,76,False,80,,4.915916
level_one_seller,5,87,BD,mind_touch,False,926,1,False,85,,4.954023
top_rated_seller,5,342,PK,ismail_muhammad,False,927,89,False,130,,4.979021
level_one_seller,5,28,PK,samiullahtech,False,928,7,False,100,,4.845238
level_two_seller,4.9,79,PK,soomro75,False,929,78,False,85,,4.8974357
level_two_seller,4.9,138,BD,developerriaz,False,930,125,False,80,,4.9475656
level_two_seller,5,174,PK,shawn_webexpert,False,931,30,False,35,,5
level_two_seller,4.9,78,BD,joynal_dev,False,932,60,False,80,,4.904762
level_one_seller,5,46,PK,aryan_khan744,False,933,3,False,80,,4.905797
level_two_seller,4.9,283,PK,hajikhan1473,False,934,175,False,125,,4.9347825
level_two_seller,4.9,239,BD,wpthemeexpert,False,935,208,False,80,,4.899371
level_two_seller,4.8,155,BD,nazrul_rafi,False,936,132,False,40,,4.9096775
level_two_seller,5,150,PK,zeeshan_amjad1,False,937,104,False,350,,4.992593
level_two_seller,4.8,87,PK,shazad_creative,False,938,21,False,1000,,4.9466667
level_two_seller,5,42,PK,aiman_ahmad_ceo,False,939,37,False,85,,4.952381
level_two_seller,4.8,157,RO,alphabyte,False,940,69,False,150,,4.848485
level_two_seller,4.9,396,PK,usofti,False,941,189,False,80,,4.9444447
level_two_seller,5,11,PK,inspirelogix,False,942,3,False,80,,4.9444447
level_one_seller,5,82,PK,aurangxaib3,False,943,10,False,200,,4.9583335
level_two_seller,5,814,PK,geographer60,False,944,17,False,250,,4.877261
level_two_seller,5,80,IN,anibish,False,945,34,False,670,,4.983333
,5,1912,US,abrahamdave,False,946,7,False,595,,4.9094896
level_two_seller,5,128,BD,apurbo02,False,947,10,False,80,,4.875
level_two_seller,5,1350,PK,hamza_teamalif,False,948,39,False,30,,4.9553604
level_one_seller,4.9,198,BD,farhanrahman,False,949,7,False,95,,4.822222
level_two_seller,5,70,PK,aatifsaeed147,False,950,69,False,10,,4.9809523
level_two_seller,5,106,UA,weblaboratory,False,951,1,False,100,,4.991228
level_two_seller,5,198,BD,rakib1232,False,952,30,False,50,,4.958763
top_rated_seller,4.9,3809,IN,ajayceo1985,False,953,148,False,230,,4.8971195
level_one_seller,5,317,PK,elianwar,False,954,33,False,80,,5
level_one_seller,0,70,MA,dj_design_,False,955,0,False,290,,4.785714
level_two_seller,5,141,BD,wordpress_devbd,False,956,50,True,120,,4.990741
,5,7,IN,vishalingle758,False,957,1,False,80,,3.9047618
level_one_seller,5,64,BD,akib0079,False,958,53,False,85,,5
level_two_seller,4.8,28,PK,haseebrehman155,False,959,28,False,250,,4.8809524
level_two_seller,4.9,252,BD,pixleehub,False,96,251,False,90,,4.9126983
level_two_seller,5,86,PK,hashamzafar2231,False,97,84,False,100,,4.97093
level_two_seller,4.9,72,PK,obaidkhan258,False,98,72,False,25,,4.9027777
level_two_seller,4.9,163,BD,rumanaafroze768,False,99,120,False,80,,4.9304705
,5,9,PK,chaudhrymute,False,100,9,False,80,,5
level_one_seller,4.9,17,BD,hasan_dez,False,101,13,False,100,,4.9215684
level_two_seller,5,103,BD,wpweb_tech,False,102,100,False,90,,4.9579287
level_two_seller,4.9,425,PK,hassan__akhtar,False,103,332,False,80,,4.878751
level_two_seller,4.7,68,PK,hira_wpdev,False,104,68,False,80,,4.7058825
level_two_seller,4.9,483,IN,shopifygeekz,False,105,410,False,80,,4.900208
level_two_seller,4.9,97,BD,dev_pioneer,False,106,95,False,90,,4.9484534
level_two_seller,4.9,398,PK,shabihhaider,False,107,187,False,105,,4.9179487
level_two_seller,4.9,86,PK,arslanlehri12,False,108,82,False,80,,4.9224806
level_one_seller,5,14,PK,seovize,False,109,14,False,80,,5
,5,8,PK,sams_web2,False,110,8,False,85,,5
level_two_seller,5,105,BD,amdad7,False,111,104,False,100,,4.984127
,5,5,BD,code_minds,False,112,5,False,80,,5
level_two_seller,5,50,BD,brandev360,False,113,50,False,80,,5
level_one_seller,5,59,BD,shohag090,False,114,56,False,80,,4.983051
level_one_seller,5,27,PK,saad_aiwp,False,115,22,False,60,,4.9753084
top_rated_seller,4.9,743,PK,themasterpeice,False,116,26,True,500,,4.9014335
level_two_seller,4.9,194,VE,randyquinter402,False,117,149,False,80,,4.9259257
level_two_seller,5,70,BD,weaveflow,False,118,70,False,90,,4.9952383
level_two_seller,4.9,131,PK,aleenkha,False,119,131,False,80,,4.9083967
level_two_seller,4.9,240,BD,w3b_hive,False,120,186,False,80,,4.8680553
level_two_seller,4.9,92,PK,hashwebagency,False,121,87,False,100,,4.938406
,5,12,PK,mr_memon77,False,122,12,False,80,,5
level_one_seller,4.8,668,PK,sehar_1800,False,123,629,False,80,,4.838323
level_one_seller,5,11,PK,alizarhasan,False,124,11,False,80,,5
level_two_seller,5,2291,BD,ajoysahagd,False,125,11,False,100,,4.879679
level_two_seller,5,51,BD,app_oreo,False,126,51,False,180,,5
level_two_seller,4.9,214,BD,tahmina_aktherr,False,127,195,False,80,,4.9367394
level_two_seller,4.8,47,AU,itexpertdev,False,128,43,False,50,,4.77305
level_two_seller,4.3,311,GB,gt_design,False,129,82,False,100,,4.754522
level_one_seller,5,20,PK,syberoniq,False,130,20,False,80,,5
level_two_seller,4.9,247,AE,moiz_uae,False,131,142,False,100,,4.952919
level_two_seller,4.9,128,PK,shehroz,False,132,127,False,55,,4.9239764
level_two_seller,4.9,100,PK,armeenabaloch,False,133,96,False,90,,4.948413
level_two_seller,5,116,PK,seo_rehaan,False,134,111,False,80,,4.9764013
level_one_seller,5,11,FR,paul_frenchweb8,False,135,11,False,550,,5
level_two_seller,5,467,PK,ammarashraf181,False,136,128,False,100,,4.9760194
level_two_seller,5,136,PK,asifkhanbahadar,False,137,128,False,80,,4.9632354
,5,10,PK,mishal_writer1,False,138,6,False,80,,5
level_two_seller,4.8,391,IN,sandipank,False,139,347,False,80,,4.796296
level_one_seller,5,35,PK,uzair_mughal8,False,140,35,False,85,,4.9619045
level_two_seller,5,90,PK,aneesdilawar,False,141,14,False,130,,4.9666667
,4.9,9,PK,sameerkh123,False,142,9,False,10,,4.888889
level_one_seller,5,18,BD,rubel_ahomed,False,143,18,False,100,,5
level_one_seller,5,20,PK,anmdeisgnstudio,False,144,20,False,80,,4.983333
,5,5,PK,m_habib_noor,False,145,5,False,40,,5
level_one_seller,5,46,PK,psdauthor,False,146,9,False,90,,4.891667
top_rated_seller,4.9,351,PK,developeratbest,False,147,328,False,95,,4.924051
level_one_seller,4.9,868,PK,tanveer__ahmed,False,148,758,False,195,,4.888889
level_two_seller,4.8,107,BD,xlrocky,False,149,29,False,30,,4.8680553
level_two_seller,4.9,246,IE,kierandaly,False,150,35,True,275,,4.8983955
level_one_seller,5,29,PK,toseefkhan492,False,151,29,False,60,,4.988506
level_one_seller,4.9,21,PK,seoproqueen,False,152,20,False,90,,4.952381
level_one_seller,4.9,72,PK,salmananees,False,153,43,False,80,,4.946429
level_two_seller,4.7,30,PK,neuto_designs,False,154,30,False,80,,4.7222223
level_two_seller,5,69,BD,wordpress_expre,False,155,52,False,100,,4.985507
level_two_seller,5,84,PK,dev_mudassir,False,156,8,False,80,,4.892857
level_one_seller,4.9,22,PK,abeeraanwar1,False,157,19,False,80,,4.9545455
top_rated_seller,4.9,540,CZ,martin_svec,False,158,503,True,250,,4.941288
level_two_seller,5,40,PK,samii_2,False,159,19,False,85,,5
level_two_seller,4.9,209,PK,asadmahmood525,False,160,163,False,80,,4.920833
level_two_seller,4.9,418,BD,wix_buddy,False,161,127,True,350,,4.8874893
level_two_seller,4.9,336,BD,wp_anik,False,162,307,False,95,,4.884181
level_two_seller,4.9,71,BD,deloar_dev,False,163,63,False,80,,4.90625
,5,13,PK,techhub__,False,164,13,False,80,,4.974359
level_one_seller,5,14,PK,sonia_khan02,False,165,7,False,80,,5
level_two_seller,4.8,42,PK,modifiertech,False,166,38,False,80,,4.8095236
level_two_seller,4.9,438,PK,adeebakram,False,167,337,False,80,,4.8965054
top_rated_seller,5,426,BD,mdnazmul_sobuz,False,168,398,False,110,,4.9782944
level_one_seller,4.4,63,LK,shendesign1,False,169,7,False,10,,4.861111
level_two_seller,4.9,113,PK,pronoob419,False,170,100,False,80,,4.8515153
level_two_seller,4.7,37,PK,hamzajoya,False,171,37,False,80,,4.6846848
level_two_seller,5,974,PK,jehanzaib_007,False,172,781,False,150,,4.961163
level_one_seller,4.9,440,PK,ahmedriaz648,False,173,138,False,110,,4.9719625
,5,10,PK,adeelkhan_dev,False,174,10,False,120,,5
level_one_seller,4.6,19,PK,ali_akbar_99,False,175,8,False,10,,4.8245616
level_two_seller,4.9,123,BD,webmunni,False,176,122,False,80,,4.8834686
level_two_seller,5,593,BD,s_i_tushar,False,177,102,True,150,,4.9931507
level_two_seller,5,18,LK,hasheemismath,False,178,12,False,50,,5
level_one_seller,5,28,PK,hamxa224,False,179,28,False,90,,5
,5,13,NG,richard_ay6,False,180,9,False,10,,5
top_rated_seller,5,374,AU,farzanasoud,False,181,325,False,200,,4.986111
level_one_seller,4.8,260,PK,umair71,False,182,213,False,80,,4.8422937
level_two_seller,4.8,167,BD,sm_techno,False,183,133,False,90,,4.8323355
,5,10,PK,hatfdeveloper,False,184,10,False,80,,5
level_two_seller,4.9,231,BD,techpulse_,False,185,227,False,100,,4.880062
level_one_seller,4.7,131,PK,webhub786,False,186,17,False,30,,4.7228913
level_two_seller,4.9,866,PK,fahadmustafa004,False,187,812,False,100,,4.9112477
level_two_seller,5,30,PK,shahmirnawaz787,False,188,30,False,80,,4.977778
level_two_seller,4.8,114,PK,sarfaraz_dev,False,189,108,False,90,,4.831683
top_rated_seller,4.9,278,BD,wp_monkey,False,190,219,False,295,,4.918465
top_rated_seller,5,1665,IN,massivework,False,191,141,True,475,,4.94754
level_one_seller,5,34,PK,rasib_chaudhary,False,192,26,False,80,,5
level_two_seller,5,31,PK,sabriawais786,False,193,31,False,80,,4.9892473
level_two_seller,4.9,351,BD,mahmudparbes,False,194,125,False,30,,4.9482403
level_two_seller,4.9,38,BD,sujon_mahmud11,False,195,20,False,80,,4.8333335
level_two_seller,4.9,52,PK,abdullahrazzaq3,False,196,29,False,80,,4.904762
level_two_seller,5,90,PK,khan_dilbar,False,197,90,False,85,,4.9529915
top_rated_seller,4.9,2154,PK,usamarehan,False,198,1289,False,150,,4.9399095
level_two_seller,4.9,525,MA,bilalelmarbouh7,False,199,99,False,100,,4.872889
level_two_seller,4.9,247,BD,woow_web,False,200,229,False,90,,4.8873143
level_two_seller,4.8,376,IN,nayanagraphics,False,201,68,False,150,,4.782766
level_one_seller,4.5,8,PK,realabdulhameed,False,202,8,False,80,,4.5
level_two_seller,5,225,KE,mercy_res,False,203,15,False,80,,4.845238
level_two_seller,4.9,23,NL,aadaniel,False,204,23,False,520,,4.9365077
level_two_seller,5,276,IN,eclixo,False,205,241,False,150,,4.9653335
,4.3,9,PK,muhammadnade661,False,206,8,False,10,,4.3333335
level_two_seller,4.9,84,PK,dev_mudassir,False,207,73,False,95,,4.892857
level_two_seller,5,70,LK,aa_shan,False,208,66,False,30,,4.9761906
top_rated_seller,4.9,436,LK,brilliantwebs,False,209,385,False,90,,4.9001784
level_one_seller,5,14,IN,utsav_vasoya_85,False,210,10,False,90,,4.9761906
level_two_seller,5,85,BD,naimwdm,False,211,79,False,30,,5
level_one_seller,4.9,36,PK,talhafx2,False,212,36,False,30,,4.8703704
level_two_seller,5,283,OM,hassanjavaidrao,False,213,250,False,80,,4.974886
level_two_seller,4.9,76,PK,zohaib_anjum_11,False,214,57,False,300,,4.9066668
level_two_seller,4.9,1075,PK,muhammadmubeen_,False,215,1017,False,15,,4.8793693
level_two_seller,4.8,186,NG,joe_digitalls,False,216,72,False,80,,4.877854
level_one_seller,5,33,PK,shoaibmukhtar88,False,217,33,False,80,,5
level_two_seller,4.9,25,PK,seonxdesigner,False,218,19,False,80,,4.9333334
level_one_seller,4.7,23,IN,surajvsonkar,False,219,19,False,5,,4.7391305
level_two_seller,5,65,PK,mbmughal20,False,220,6,False,35,,4.927536
level_two_seller,5,19,US,charles_jhonson,False,221,19,False,90,,5
top_rated_seller,5,241,PK,hamza_codediv,False,222,5,False,120,,4.8630137
level_one_seller,5,17,IN,rushabh1348,False,223,6,False,5,,4.9411764
level_one_seller,5,41,BD,gsoroar,False,224,15,False,20,,4.9444447
level_two_seller,5,40,PK,agrariannadeem,False,225,32,False,100,,4.9666667
top_rated_seller,4.9,245,BD,sakibhosan,False,226,28,False,80,,4.922222
level_two_seller,4.9,534,PK,imtiazz,False,227,488,False,170,,4.9496856
level_one_seller,4.9,16,PK,inaam_mirza,False,228,16,False,100,,4.9375
top_rated_seller,4.9,564,PK,parallexprogram,False,229,357,False,80,,4.910828
top_rated_seller,5,805,PK,tahirsaleem9,False,230,470,False,95,,4.9458876
level_one_seller,5,52,PK,byte_brilliance,False,231,52,False,100,,5
level_one_seller,5,12,PK,waqar_yousaf96,False,232,12,False,40,,5
,5,10,PK,ibrarsattar,False,233,4,False,30,,5
level_two_seller,4.9,316,PK,muhammadaleem0,False,234,282,False,80,,4.9102564
level_one_seller,5,8,US,clarajjson,False,235,8,False,100,,5
level_two_seller,5,191,PK,atiquerk,False,236,146,False,80,,4.9871793
level_two_seller,4.9,165,PK,waleedbinkha656,False,237,99,False,40,,4.9535356
level_two_seller,5,34,NG,million_daller,False,238,23,False,100,,4.970588
,5,6,US,alyssaen,False,239,6,False,80,,5
,5,3,PK,majwadalam,False,240,3,False,20,,5
level_two_seller,4.8,83,PK,memonabilal251,False,241,59,False,80,,4.863454
level_one_seller,4.8,262,PK,netsouls,False,242,119,False,30,,4.788969
level_two_seller,4.9,109,IN,girdharidev,False,243,57,False,100,,4.8868504
top_rated_seller,5,441,PK,gramup,False,244,361,False,180,,4.9895425
level_two_seller,5,128,BD,tanvir7225,False,245,8,False,80,,4.9479165
level_two_seller,4.9,556,BD,mosharofhose12,False,246,430,False,80,,4.946554
level_two_seller,4.8,314,BD,creative_limon1,False,247,258,False,30,,4.8371964
level_one_seller,4.8,19,EG,karimalmoatazb,False,248,19,False,85,,4.818182
level_two_seller,4.9,78,NG,precious0100,False,249,62,False,150,,4.9100876
top_rated_seller,4.9,851,IN,prashantmardiya,False,250,59,False,110,,4.915438
top_rated_seller,4.9,948,PK,abdulwahab1337,False,251,749,False,290,,4.916211
level_two_seller,5,223,PK,mujtabawp,False,252,223,False,80,,4.9701047
level_two_seller,4.9,68,PK,muhammadrawjani,False,253,36,False,25,,4.9305553
level_two_seller,5,721,PK,alizafar96,False,254,688,False,80,,4.960182
top_rated_seller,5,639,AE,saifsadi,False,255,1,True,995,,4.875318
top_rated_seller,5,905,PK,ibrahimshah361,False,256,820,False,100,,4.933544
,5,7,PK,anisha_web,False,257,7,False,50,,5
level_two_seller,5,39,IN,shabu121097,False,258,19,False,80,,5
level_two_seller,5,1045,PK,wordpres_skils,False,259,1021,False,90,,4.9537573
level_two_seller,4.8,53,PK,malik_019,False,260,46,False,80,,4.8679247
level_two_seller,5,121,IN,kuldeepjain11,False,261,121,False,5,,5
,5,11,NG,web___weaver,False,262,10,False,80,,4.969697
level_two_seller,4.9,378,PK,cryptohacks,False,263,372,False,10,,4.9331503
top_rated_seller,5,2064,PK,sarahalee,False,264,2022,False,80,,4.975069
,4.9,23,PK,muhammadzaka114,False,265,11,False,10,,4.9565215
level_one_seller,5,240,PK,maahhuumm,False,266,6,False,80,,4.826389
level_two_seller,4.9,113,PK,mussana,False,267,106,False,80,,4.9469028
level_two_seller,5,259,LK,mbpcreations,False,268,171,False,20,,4.984277
level_two_seller,4.9,905,PK,urwa_pk,False,269,835,False,85,,4.915018
level_two_seller,4.7,105,US,techtitanstudio,False,270,103,False,450,,4.7507935
level_two_seller,4.9,49,PK,sarah_ali_1,False,271,39,False,80,,4.9183674
level_two_seller,4.9,162,PK,wp_awais,False,272,121,False,100,,4.935185
top_rated_seller,5,665,PK,m_webs,False,273,559,False,195,,4.986532
level_one_seller,5,316,GE,hella_fast,False,274,3,True,400,,4.953704
level_two_seller,4.9,25,PK,devtaha458,False,275,25,False,15,,4.9333334
level_two_seller,4.9,492,BD,digitalcode,False,276,293,False,15,,4.8876405
level_one_seller,4.7,12,PK,rabail__abbasi,False,277,11,False,80,,4.75
,5,10,PK,ttechwpsol,False,278,10,False,80,,5
,5,12,US,waynebrown00991,False,279,12,False,45,,5
level_two_seller,5,307,PK,siddiqtasks876,False,280,173,False,100,,4.9694443
level_one_seller,5,12,GB,rajashooter07,False,281,12,False,90,,5
top_rated_seller,5,793,PK,creativ_bird,False,282,735,False,80,,4.9542336
level_two_seller,4.9,124,BD,antara1995,False,283,121,False,80,,4.8686867
level_one_seller,5,9,US,david_kahrs,False,284,9,False,160,,5
level_two_seller,4.9,187,PK,dany_daneal,False,285,160,False,80,,4.9340463
level_one_seller,4.8,306,PK,amiemalik,False,286,306,False,80,,4.8461537
level_one_seller,5,139,MX,lyssettepineda,False,287,119,False,80,,4.9692307
level_one_seller,4.9,22,PH,jambiz123,False,288,21,False,50,,4.9242425
top_rated_seller,4.9,450,PK,shahzaib_cheema,False,289,319,False,100,,4.943953
,5,3,PK,gul_shar_khan,False,290,3,False,30,,5
top_rated_seller,5,1282,PK,websiterz,False,291,3,True,2250,,4.961738
level_two_seller,5,552,PK,t82747k,False,292,54,False,100,,4.9532795
level_two_seller,5,154,PK,anasjutt244,False,293,41,False,10,,4.857143
level_two_seller,4.7,163,PK,shehzadkhan453,False,294,41,False,10,,4.844282
level_one_seller,4.9,44,NG,hamidkay1,False,295,32,False,80,,4.9469695
level_one_seller,5,136,PK,tahirqadeer_007,False,296,67,False,50,,4.904412
,5,10,NG,dayo_vic,False,297,10,False,80,,5
level_one_seller,4.9,39,PK,sajid_tech1448,False,298,34,False,5,,4.880342
,5,12,PK,husnain__1,False,299,12,False,45,,5
level_two_seller,5,297,PK,wordpressdemon,False,300,283,False,145,,4.946629
,5,22,PK,raja_usama__,False,301,7,False,30,,5
level_two_seller,4.4,407,LK,codepanda,False,302,17,False,80,,4.786408
level_two_seller,4.9,343,BD,shohag_islam,False,303,285,False,100,,4.840456
level_two_seller,4.8,65,GB,sales_go,False,304,47,False,80,,4.85641
level_one_seller,4.9,36,PK,zia_khanz,False,305,27,False,10,,4.888889
top_rated_seller,4.9,1223,PK,nauman440,False,306,879,False,245,,4.899311
level_one_seller,4.9,144,PK,iamshaharyar,False,307,84,False,80,,4.905983
level_two_seller,5,160,PK,madlads,False,308,18,False,120,,4.987988
top_rated_seller,4.9,319,BG,skodzhamanov,False,309,255,True,595,,4.946779
level_two_seller,4.7,52,PK,usama_zaheer23,False,310,49,False,80,,4.734694
,5,5,PK,webdot1,False,311,5,False,80,,5
level_one_seller,4.9,118,PK,web_b00sters,False,312,75,False,50,,4.8305087
level_two_seller,5,54,PK,nexanovaltech,False,313,53,False,100,,5
,5,5,NG,daisy_lillian,False,314,5,False,80,,5
level_two_seller,4.8,26,GB,tamgamer97,False,315,16,False,45,,4.857143
level_two_seller,4.9,95,PK,technotracks,False,316,90,False,100,,4.904762
,0,5,PH,mindblowingtv,False,317,0,False,100,,4.2
,5,3,NG,sam_creative8,False,318,3,False,65,,5
level_two_seller,4.9,49,NG,chinliokafor,False,319,36,False,80,,4.931973
level_two_seller,4.9,471,IN,ramani007,False,320,123,True,395,,4.888889
level_one_seller,4.5,41,PK,taskeenzahra773,False,321,40,False,80,,4.483333
level_two_seller,5,87,PK,tech_dose,False,322,21,False,300,,5
level_two_seller,4.9,25,AL,tigrow,False,323,17,False,380,,4.9466667
level_one_seller,4.9,14,PK,webflow321,False,324,14,False,15,,4.904762
top_rated_seller,5,663,PK,hamza__yaqoob,False,325,640,False,20,,4.982684
level_two_seller,5,54,PK,wp_khan786,False,326,54,False,35,,5
level_one_seller,4.9,163,PK,saira7100,False,327,117,False,85,,4.9217687
level_one_seller,5,5,AU,denis89722,False,328,4,False,80,,5
level_one_seller,4.9,595,BD,ar_hredoy,False,329,468,False,100,,4.902968
top_rated_seller,5,520,PL,kirillillenkov,False,330,475,True,395,,4.977133
level_one_seller,4.8,20804,US,sunshee,False,331,80,False,295,,4.8362093
level_two_seller,5,122,PK,fahaadmalik,False,332,122,False,130,,4.9949493
level_one_seller,5,26,PK,cyber_sculptor,False,333,26,False,150,,5
level_two_seller,4.8,93,BD,webdot2,False,334,93,False,80,,4.81362
top_rated_seller,5,1665,IN,massivework,False,335,3,True,3355,,4.94754
level_one_seller,5,28,PK,nexa_genius,False,336,28,False,100,,4.9880953
level_two_seller,5,491,PK,junaidjd43,False,337,400,False,80,,4.9748063
level_two_seller,4.9,152,PK,ferozarshad,False,338,131,False,85,,4.9379845
,5,13,US,harrietrubby00,False,339,13,False,10,,5
level_two_seller,5,349,GB,speciallity,False,340,15,False,60,,4.9512196
level_two_seller,4.8,91,PK,web_prodesigns,False,341,91,False,50,,4.7545786
level_one_seller,4.7,139,PK,fahad612,False,342,136,False,20,,4.715942
top_rated_seller,5,113,GB,johnaniht,False,343,26,True,500,,4.9806204
level_two_seller,5,136,PK,noormuhammad_uc,False,344,131,False,275,,4.9673915
level_two_seller,4.9,56,BA,vukovicstefan,False,345,28,False,50,,4.964286
top_rated_seller,5,301,PK,haseeb_ahmad9,False,346,7,False,880,,4.949772
top_rated_seller,5,196,PK,umerfreelance17,False,347,4,False,150,,4.9666667
level_one_seller,4.9,35,NG,laolu_d,False,348,32,False,50,,4.9142857
level_two_seller,4.8,198,US,musttechusa,False,349,165,False,95,,4.8131313
,5,8,PK,zaynfazal009,False,350,8,False,30,,5
,5,5,NG,fadenocode_,False,351,5,False,100,,5
,0,2,PK,qandeelfatima_,False,352,0,False,80,,4.5
,5,11,NG,olivia796,False,353,10,False,20,,4.939394
,5,6,EG,omarelsayed0,False,354,6,False,10,,5
level_two_seller,4.9,40,PK,muhammadfarh316,False,355,32,False,100,,4.900901
level_one_seller,4.4,75,PK,webflow_webx,False,356,68,False,100,,4.448889
level_one_seller,5,5,US,munaf_kasbati,False,357,3,False,200,,5
level_one_seller,4.9,98,PK,imfawad69,False,358,93,False,40,,4.95189
level_two_seller,5,454,IN,ankitbansal2101,False,359,103,False,25,,4.8946543
,4.9,799,CA,amnaarshad171,False,360,28,False,100,,4.900292
level_two_seller,4.9,119,NG,heritageman7,False,361,45,False,45,,4.92437
level_two_seller,4.9,301,PK,husnaintariq097,False,362,280,False,80,,4.9173226
level_one_seller,5,315,PK,itximtiazz,False,363,252,False,80,,4.952145
level_one_seller,4.9,7,US,sam_coffey7,False,364,7,False,80,,4.904762
,5,1,GB,mike_shad,False,365,1,False,10,,5
,5,10,AL,albacademy,False,366,10,False,80,,5
level_one_seller,4.9,31,PK,ijaz_khanafridi,False,367,26,False,20,,4.9462366
level_two_seller,5,35,IT,ama219,False,368,35,False,295,,5
top_rated_seller,5,2809,PK,vintage_valley,False,369,7,False,205,,4.9138737
level_two_seller,4.7,120,IN,icoderzsales,False,370,2,True,290,,4.894977
level_two_seller,4.9,268,IN,sushil_kumar40,False,371,162,False,20,,4.860399
level_two_seller,4.9,57,BD,franchbabu,False,372,6,False,110,,4.786667
level_two_seller,5,376,BD,prodeveloper66,False,373,317,False,90,,4.9705014
level_two_seller,5,35,PK,asifdev66,False,374,6,False,80,,4.990476
level_one_seller,5,12,PK,designs_flix,False,375,12,False,80,,5
level_one_seller,5,6,CR,cristobalchacin,False,376,5,False,80,,5
level_two_seller,5,80,DE,a7order,False,377,2,False,80,,4.991667
level_one_seller,5,2,PH,pioecat,False,378,1,False,80,,5
level_one_seller,4.7,22,PK,noumanranjha,False,379,20,False,80,,4.703704
,5,7,GB,tech_innova,False,380,7,False,80,,5
level_two_seller,4.8,338,PK,sadam_afridi,False,381,233,False,85,,4.888889
level_two_seller,4.9,133,IN,navneet9090,False,382,11,False,150,,4.9444447
top_rated_seller,5,395,IN,tejgeorge,False,383,175,False,250,,4.974359
LEVEL_TRS,5,213,PK,jarral169,False,384,252,,30,False,5
LEVEL_TWO,4.9,203,PK,hashammalik1,False,385,220,,80,False,4.9
LEVEL_TWO,5,181,PK,shujaat54321,False,386,182,,15,False,5
LEVEL_TWO,5,176,PK,aashirx360,False,387,202,,35,False,5
LEVEL_TWO,5,703,BD,wp_expert_habib,False,388,882,,10,False,5
LEVEL_TWO,4.7,323,BD,grownew,False,389,448,,20,False,4.7
LEVEL_TWO,5,49,PK,wpstrings,False,390,60,,30,False,5
LEVEL_TRS,4.9,772,IL,dennydigit,False,391,1069,,50,True,4.9
LEVEL_TWO,5,2447,NG,seodpress,False,392,2935,,10,False,5
LEVEL_TWO,5,41,BD,runia_tanbin,False,393,49,,20,False,5
LEVEL_TRS,4.8,572,PK,junaid710,False,394,935,,50,False,4.8
LEVEL_TWO,5,180,BD,talha_web,False,395,270,,25,False,5
LEVEL_TRS,5,2058,PK,devmaster,False,396,3053,,10,False,5
LEVEL_TRS,4.9,323,BD,alokmondal126,False,397,442,,70,True,4.9
LEVEL_TRS,5,707,BD,dhrubo234,False,398,1053,,100,False,5
LEVEL_TWO,4.9,39,PK,noah_designer,False,399,51,,135,False,4.9
LEVEL_TWO,5,219,PK,tabina787,False,400,266,,40,False,5
LEVEL_TWO,5,205,PK,omideveloper,False,401,237,,15,False,5
LEVEL_TWO,5,246,IN,rahulsingh619,False,402,283,,15,False,5
LEVEL_TWO,4.9,128,BD,tanim_web,False,403,167,,40,False,4.9
LEVEL_TWO,5,33,BD,kaziferoz44,False,404,39,,80,False,5
LEVEL_TWO,4.9,47,PK,abdul_manann,False,405,57,,25,False,4.9
LEVEL_TRS,4.9,491,NG,ojuadekazeem,False,406,714,,50,False,4.9
LEVEL_TWO,5,1226,PK,farahbatool1302,False,407,2053,,15,False,5
LEVEL_TWO,4.9,249,PK,afaq_webtech,False,408,347,,25,False,4.9
LEVEL_TRS,4.9,748,PK,usamabinkhrshid,False,409,978,,75,False,4.9
LEVEL_TWO,4.9,245,IN,sushil_kumar40,False,410,297,,20,False,4.9
LEVEL_TRS,5,1809,BD,saleh_shaams,False,411,2333,,60,False,5
LEVEL_TRS,5,2794,IN,hetarthdesai,False,412,4290,,30,True,5
LEVEL_TWO,5,829,PK,zesh_ii,False,413,1035,,40,False,5
LEVEL_TRS,5,1026,PK,webdeveloper991,False,414,1705,,50,False,5
LEVEL_TRS,5,890,BD,ramisa67,False,415,1165,,10,False,5
LEVEL_TRS,5,249,AE,aehab1986,False,416,354,,50,False,5
LEVEL_TWO,4.8,167,BD,sm_techno,False,417,258,,80,False,4.8
LEVEL_TWO,5,30,PK,tabinda_islam,False,418,49,,115,False,5
LEVEL_TWO,5,1033,IN,surjeetsinghpro,False,419,1430,,20,False,5
LEVEL_TWO,4.9,462,DE,gleniis,False,420,810,,70,False,4.9
LEVEL_TWO,5,153,PK,alvina_shopify,False,421,158,,10,False,5
LEVEL_ONE,5,69,DE,fsrmedia,False,422,84,,410,False,5
LEVEL_TWO,4.9,113,BD,max_shah,False,423,200,,20,False,4.9
LEVEL_TWO,5,23,PK,danishrazzaq729,False,424,38,,40,False,5
LEVEL_TWO,4.7,22,PH,warrenapit,False,425,29,,35,False,4.7
LEVEL_TWO,5,234,PK,talha_a95,False,426,335,,20,False,5
LEVEL_TWO,4.9,10,BD,evergreenzones,False,427,19,,25,False,4.9
LEVEL_TRS,5,1096,PK,zainmalik96,False,428,1703,,45,False,5
LEVEL_TWO,4.9,616,BD,wpjuwel,False,429,806,,30,False,4.9
LEVEL_TWO,5,377,BD,imranhossainbpp,False,430,431,,85,False,5
LEVEL_TWO,4.9,343,AE,umerjaved94,False,431,401,,10,False,4.9
